{"data":[{"ObjectIdentifier": "606BA994-D7FE-4177-89A6-DA9E4C84C00F", "Properties": {"domain": "MIRAGE.HTB", "name": "DEFAULT DOMAIN CONTROLLERS POLICY@MIRAGE.HTB", "distinguishedname": "CN={6AC1786C-016F-11D2-945F-00C04FB984F9},CN=POLICIES,CN=SYSTEM,DC=MIRAGE,DC=HTB", "domainsid": "S-1-5-21-2127163471-3824721834-2568365109", "highvalue": false, "gpcpath": "\\\\MIRAGE.HTB\\SYSVOL\\MIRAGE.HTB\\POLICIES\\{6AC1786C-016F-11D2-945F-00C04FB984F9}", "description": "", "whencreated": 1746085296}, "IsDeleted": false, "IsACLProtected": true, "Aces": [{"RightName": "Owns", "IsInherited": false, "PrincipalSID": "S-1-5-21-2127163471-3824721834-2568365109-512", "PrincipalType": "Group"}, {"RightName": "GenericWrite", "IsInherited": false, "PrincipalSID": "S-1-5-21-2127163471-3824721834-2568365109-512", "PrincipalType": "Group"}, {"RightName": "WriteOwner", "IsInherited": false, "PrincipalSID": "S-1-5-21-2127163471-3824721834-2568365109-512", "PrincipalType": "Group"}, {"RightName": "WriteDacl", "IsInherited": false, "PrincipalSID": "S-1-5-21-2127163471-3824721834-2568365109-512", "PrincipalType": "Group"}, {"RightName": "GenericWrite", "IsInherited": false, "PrincipalSID": "S-1-5-21-2127163471-3824721834-2568365109-519", "PrincipalType": "Group"}, {"RightName": "WriteOwner", "IsInherited": false, "PrincipalSID": "S-1-5-21-2127163471-3824721834-2568365109-519", "PrincipalType": "Group"}, {"RightName": "WriteDacl", "IsInherited": false, "PrincipalSID": "S-1-5-21-2127163471-3824721834-2568365109-519", "PrincipalType": "Group"}, {"RightName": "GenericWrite", "IsInherited": false, "PrincipalSID": "S-1-5-21-2127163471-3824721834-2568365109-512", "PrincipalType": "Group"}, {"RightName": "WriteOwner", "IsInherited": false, "PrincipalSID": "S-1-5-21-2127163471-3824721834-2568365109-512", "PrincipalType": "Group"}, {"RightName": "WriteDacl", "IsInherited": false, "PrincipalSID": "S-1-5-21-2127163471-3824721834-2568365109-512", "PrincipalType": "Group"}]},{"ObjectIdentifier": "77AFF598-31BE-4073-89F6-39E243717032", "Properties": {"domain": "MIRAGE.HTB", "name": "DEFAULT DOMAIN POLICY@MIRAGE.HTB", "distinguishedname": "CN={31B2F340-016D-11D2-945F-00C04FB984F9},CN=POLICIES,CN=SYSTEM,DC=MIRAGE,DC=HTB", "domainsid": "S-1-5-21-2127163471-3824721834-2568365109", "highvalue": false, "gpcpath": "\\\\MIRAGE.HTB\\SYSVOL\\MIRAGE.HTB\\POLICIES\\{31B2F340-016D-11D2-945F-00C04FB984F9}", "description": "", "whencreated": 1746085296}, "IsDeleted": false, "IsACLProtected": true, "Aces": [{"RightName": "Owns", "IsInherited": false, "PrincipalSID": "S-1-5-21-2127163471-3824721834-2568365109-512", "PrincipalType": "Group"}, {"RightName": "GenericWrite", "IsInherited": false, "PrincipalSID": "S-1-5-21-2127163471-3824721834-2568365109-512", "PrincipalType": "Group"}, {"RightName": "WriteOwner", "IsInherited": false, "PrincipalSID": "S-1-5-21-2127163471-3824721834-2568365109-512", "PrincipalType": "Group"}, {"RightName": "WriteDacl", "IsInherited": false, "PrincipalSID": "S-1-5-21-2127163471-3824721834-2568365109-512", "PrincipalType": "Group"}, {"RightName": "GenericWrite", "IsInherited": false, "PrincipalSID": "S-1-5-21-2127163471-3824721834-2568365109-519", "PrincipalType": "Group"}, {"RightName": "WriteOwner", "IsInherited": false, "PrincipalSID": "S-1-5-21-2127163471-3824721834-2568365109-519", "PrincipalType": "Group"}, {"RightName": "WriteDacl", "IsInherited": false, "PrincipalSID": "S-1-5-21-2127163471-3824721834-2568365109-519", "PrincipalType": "Group"}, {"RightName": "GenericWrite", "IsInherited": false, "PrincipalSID": "S-1-5-21-2127163471-3824721834-2568365109-512", "PrincipalType": "Group"}, {"RightName": "WriteOwner", "IsInherited": false, "PrincipalSID": "S-1-5-21-2127163471-3824721834-2568365109-512", "PrincipalType": "Group"}, {"RightName": "WriteDacl", "IsInherited": false, "PrincipalSID": "S-1-5-21-2127163471-3824721834-2568365109-512", "PrincipalType": "Group"}]}],"meta":{"methods":0,"type":"gpos","count":2, "version":5}}