{"data": [{"ObjectIdentifier": "S-1-5-21-2127163471-3824721834-2568365109", "Properties": {"name": "MIRAGE.HTB", "domain": "MIRAGE.HTB", "domainsid": "S-1-5-21-2127163471-3824721834-2568365109", "distinguishedname": "DC=MIRAGE,DC=HTB", "description": "", "functionallevel": "2016", "highvalue": true, "whencreated": 1746085291}, "Trusts": [], "Aces": [{"RightName": "Owns", "IsInherited": false, "PrincipalSID": "MIRAGE.HTB-S-1-5-32-544", "PrincipalType": "Group"}, {"RightName": "GetChanges", "IsInherited": false, "PrincipalSID": "S-1-5-21-2127163471-3824721834-2568365109-498", "PrincipalType": "Group"}, {"RightName": "GetChangesAll", "IsInherited": false, "PrincipalSID": "S-1-5-21-2127163471-3824721834-2568365109-516", "PrincipalType": "Group"}, {"RightName": "GetChangesInFilteredSet", "IsInherited": false, "PrincipalSID": "MIRAGE.HTB-S-1-5-32-544", "PrincipalType": "Group"}, {"RightName": "GetChanges", "IsInherited": false, "PrincipalSID": "MIRAGE.HTB-S-1-5-32-544", "PrincipalType": "Group"}, {"RightName": "GetChangesAll", "IsInherited": false, "PrincipalSID": "MIRAGE.HTB-S-1-5-32-544", "PrincipalType": "Group"}, {"RightName": "GetChangesInFilteredSet", "IsInherited": false, "PrincipalSID": "MIRAGE.HTB-S-1-5-9", "PrincipalType": "Group"}, {"RightName": "GetChanges", "IsInherited": false, "PrincipalSID": "MIRAGE.HTB-S-1-5-9", "PrincipalType": "Group"}, {"RightName": "WriteOwner", "IsInherited": false, "PrincipalSID": "S-1-5-21-2127163471-3824721834-2568365109-512", "PrincipalType": "Group"}, {"RightName": "AllExtendedRights", "IsInherited": false, "PrincipalSID": "S-1-5-21-2127163471-3824721834-2568365109-512", "PrincipalType": "Group"}, {"RightName": "WriteDacl", "IsInherited": false, "PrincipalSID": "S-1-5-21-2127163471-3824721834-2568365109-512", "PrincipalType": "Group"}, {"RightName": "GenericAll", "IsInherited": false, "PrincipalSID": "S-1-5-21-2127163471-3824721834-2568365109-519", "PrincipalType": "Group"}, {"RightName": "WriteOwner", "IsInherited": false, "PrincipalSID": "MIRAGE.HTB-S-1-5-32-544", "PrincipalType": "Group"}, {"RightName": "AllExtendedRights", "IsInherited": false, "PrincipalSID": "MIRAGE.HTB-S-1-5-32-544", "PrincipalType": "Group"}, {"RightName": "WriteDacl", "IsInherited": false, "PrincipalSID": "MIRAGE.HTB-S-1-5-32-544", "PrincipalType": "Group"}], "Links": [{"IsEnforced": false, "GUID": "77AFF598-31BE-4073-89F6-39E243717032"}], "ChildObjects": [{"ObjectIdentifier": "D1772960-4F1D-4FCC-B877-0C7DF08D0C9C", "ObjectType": "Container"}, {"ObjectIdentifier": "83181FDC-10DA-409A-8308-6123920E06A7", "ObjectType": "Container"}, {"ObjectIdentifier": "4D10484A-2A6A-4905-B52D-B43A6E8C9242", "ObjectType": "OU"}, {"ObjectIdentifier": "6A3B380A-27F0-426B-873B-3BF93D4C19BF", "ObjectType": "Container"}, {"ObjectIdentifier": "6339CB4A-71C2-4894-A7D3-4BE808A25568", "ObjectType": "OU"}, {"ObjectIdentifier": "6EA7E034-507D-4655-9A82-7DFAF1006DC5", "ObjectType": "OU"}, {"ObjectIdentifier": "816CDBCE-1608-43EB-ACE2-AF8D742B045A", "ObjectType": "OU"}, {"ObjectIdentifier": "816D248D-F9F7-4436-AAA5-D228E92B2AC7", "ObjectType": "Container"}], "GPOChanges": {"AffectedComputers": [], "DcomUsers": [], "LocalAdmins": [], "PSRemoteUsers": [], "RemoteDesktopUsers": []}, "IsDeleted": false, "IsACLProtected": false}], "meta": {"type": "domains", "count": 1, "version": 5}}