{"data":[{"ObjectIdentifier": "S-1-5-21-2127163471-3824721834-2568365109-2602", "Properties": {"domain": "MIRAGE.HTB", "domainsid": "S-1-5-21-2127163471-3824721834-2568365109", "highvalue": false, "name": "IT_SUPPORT@MIRAGE.HTB", "distinguishedname": "CN=IT_SUPPORT,OU=GROUPS,OU=SUPPORT,OU=IT_STAFF,DC=MIRAGE,DC=HTB", "admincount": false, "description": null, "samaccountname": "IT_Support", "whencreated": 1747945412}, "Members": [{"ObjectIdentifier": "S-1-5-21-2127163471-3824721834-2568365109-1109", "ObjectType": "User"}], "Aces": [{"RightName": "Owns", "IsInherited": false, "PrincipalSID": "S-1-5-21-2127163471-3824721834-2568365109-512", "PrincipalType": "Group"}, {"RightName": "GenericAll", "IsInherited": false, "PrincipalSID": "S-1-5-21-2127163471-3824721834-2568365109-512", "PrincipalType": "Group"}, {"RightName": "GenericAll", "IsInherited": false, "PrincipalSID": "MIRAGE.HTB-S-1-5-32-548", "PrincipalType": "Group"}, {"RightName": "GenericAll", "IsInherited": true, "PrincipalSID": "S-1-5-21-2127163471-3824721834-2568365109-519", "PrincipalType": "Group"}, {"RightName": "GenericWrite", "IsInherited": true, "PrincipalSID": "MIRAGE.HTB-S-1-5-32-544", "PrincipalType": "Group"}, {"RightName": "WriteOwner", "IsInherited": true, "PrincipalSID": "MIRAGE.HTB-S-1-5-32-544", "PrincipalType": "Group"}, {"RightName": "WriteDacl", "IsInherited": true, "PrincipalSID": "MIRAGE.HTB-S-1-5-32-544", "PrincipalType": "Group"}], "IsDeleted": false, "IsACLProtected": false},{"ObjectIdentifier": "S-1-5-21-2127163471-3824721834-2568365109-2603", "Properties": {"domain": "MIRAGE.HTB", "domainsid": "S-1-5-21-2127163471-3824721834-2568365109", "highvalue": false, "name": "IT_CONTRACTORS@MIRAGE.HTB", "distinguishedname": "CN=IT_CONTRACTORS,OU=GROUPS,OU=CONTRACTORS,OU=IT_STAFF,DC=MIRAGE,DC=HTB", "admincount": false, "description": null, "samaccountname": "IT_Contractors", "whencreated": 1747945935}, "Members": [{"ObjectIdentifier": "S-1-5-21-2127163471-3824721834-2568365109-1108", "ObjectType": "User"}], "Aces": [{"RightName": "Owns", "IsInherited": false, "PrincipalSID": "S-1-5-21-2127163471-3824721834-2568365109-512", "PrincipalType": "Group"}, {"RightName": "GenericAll", "IsInherited": false, "PrincipalSID": "S-1-5-21-2127163471-3824721834-2568365109-512", "PrincipalType": "Group"}, {"RightName": "GenericAll", "IsInherited": false, "PrincipalSID": "MIRAGE.HTB-S-1-5-32-548", "PrincipalType": "Group"}, {"RightName": "GenericAll", "IsInherited": true, "PrincipalSID": "S-1-5-21-2127163471-3824721834-2568365109-519", "PrincipalType": "Group"}, {"RightName": "GenericWrite", "IsInherited": true, "PrincipalSID": "MIRAGE.HTB-S-1-5-32-544", "PrincipalType": "Group"}, {"RightName": "WriteOwner", "IsInherited": true, "PrincipalSID": "MIRAGE.HTB-S-1-5-32-544", "PrincipalType": "Group"}, {"RightName": "WriteDacl", "IsInherited": true, "PrincipalSID": "MIRAGE.HTB-S-1-5-32-544", "PrincipalType": "Group"}], "IsDeleted": false, "IsACLProtected": false},{"ObjectIdentifier": "S-1-5-21-2127163471-3824721834-2568365109-1103", "Properties": {"domain": "MIRAGE.HTB", "domainsid": "S-1-5-21-2127163471-3824721834-2568365109", "highvalue": false, "name": "DEVELOPMENT TEAM@MIRAGE.HTB", "distinguishedname": "CN=DEVELOPMENT TEAM,OU=GROUPS,OU=DEVELOPMENT,DC=MIRAGE,DC=HTB", "admincount": false, "description": null, "samaccountname": "Development Team", "whencreated": 1746174273}, "Members": [{"ObjectIdentifier": "S-1-5-21-2127163471-3824721834-2568365109-1105", "ObjectType": "User"}, {"ObjectIdentifier": "S-1-5-21-2127163471-3824721834-2568365109-1104", "ObjectType": "User"}], "Aces": [{"RightName": "Owns", "IsInherited": false, "PrincipalSID": "S-1-5-21-2127163471-3824721834-2568365109-512", "PrincipalType": "Group"}, {"RightName": "GenericAll", "IsInherited": false, "PrincipalSID": "S-1-5-21-2127163471-3824721834-2568365109-512", "PrincipalType": "Group"}, {"RightName": "GenericAll", "IsInherited": false, "PrincipalSID": "MIRAGE.HTB-S-1-5-32-548", "PrincipalType": "Group"}, {"RightName": "GenericAll", "IsInherited": true, "PrincipalSID": "S-1-5-21-2127163471-3824721834-2568365109-519", "PrincipalType": "Group"}, {"RightName": "GenericWrite", "IsInherited": true, "PrincipalSID": "MIRAGE.HTB-S-1-5-32-544", "PrincipalType": "Group"}, {"RightName": "WriteOwner", "IsInherited": true, "PrincipalSID": "MIRAGE.HTB-S-1-5-32-544", "PrincipalType": "Group"}, {"RightName": "WriteDacl", "IsInherited": true, "PrincipalSID": "MIRAGE.HTB-S-1-5-32-544", "PrincipalType": "Group"}], "IsDeleted": false, "IsACLProtected": false},{"ObjectIdentifier": "S-1-5-21-2127163471-3824721834-2568365109-2601", "Properties": {"domain": "MIRAGE.HTB", "domainsid": "S-1-5-21-2127163471-3824721834-2568365109", "highvalue": false, "name": "EXCHANGE_ADMINS@MIRAGE.HTB", "distinguishedname": "CN=EXCHANGE_ADMINS,OU=GROUPS,OU=ADMINS,OU=IT_STAFF,DC=MIRAGE,DC=HTB", "admincount": false, "description": null, "samaccountname": "Exchange_Admins", "whencreated": 1747945207}, "Members": [{"ObjectIdentifier": "S-1-5-21-2127163471-3824721834-2568365109-1110", "ObjectType": "User"}], "Aces": [{"RightName": "Owns", "IsInherited": false, "PrincipalSID": "S-1-5-21-2127163471-3824721834-2568365109-512", "PrincipalType": "Group"}, {"RightName": "GenericAll", "IsInherited": false, "PrincipalSID": "S-1-5-21-2127163471-3824721834-2568365109-512", "PrincipalType": "Group"}, {"RightName": "GenericAll", "IsInherited": false, "PrincipalSID": "MIRAGE.HTB-S-1-5-32-548", "PrincipalType": "Group"}, {"RightName": "GenericAll", "IsInherited": true, "PrincipalSID": "S-1-5-21-2127163471-3824721834-2568365109-519", "PrincipalType": "Group"}, {"RightName": "GenericWrite", "IsInherited": true, "PrincipalSID": "MIRAGE.HTB-S-1-5-32-544", "PrincipalType": "Group"}, {"RightName": "WriteOwner", "IsInherited": true, "PrincipalSID": "MIRAGE.HTB-S-1-5-32-544", "PrincipalType": "Group"}, {"RightName": "WriteDacl", "IsInherited": true, "PrincipalSID": "MIRAGE.HTB-S-1-5-32-544", "PrincipalType": "Group"}], "IsDeleted": false, "IsACLProtected": false},{"ObjectIdentifier": "S-1-5-21-2127163471-3824721834-2568365109-1106", "Properties": {"domain": "MIRAGE.HTB", "domainsid": "S-1-5-21-2127163471-3824721834-2568365109", "highvalue": false, "name": "IT_ADMINS@MIRAGE.HTB", "distinguishedname": "CN=IT_ADMINS,OU=GROUPS,OU=ADMINS,OU=IT_STAFF,DC=MIRAGE,DC=HTB", "admincount": false, "description": null, "samaccountname": "IT_Admins", "whencreated": 1746174563}, "Members": [{"ObjectIdentifier": "S-1-5-21-2127163471-3824721834-2568365109-1110", "ObjectType": "User"}], "Aces": [{"RightName": "Owns", "IsInherited": false, "PrincipalSID": "S-1-5-21-2127163471-3824721834-2568365109-512", "PrincipalType": "Group"}, {"RightName": "GenericAll", "IsInherited": false, "PrincipalSID": "S-1-5-21-2127163471-3824721834-2568365109-512", "PrincipalType": "Group"}, {"RightName": "GenericAll", "IsInherited": false, "PrincipalSID": "MIRAGE.HTB-S-1-5-32-548", "PrincipalType": "Group"}, {"RightName": "GenericAll", "IsInherited": true, "PrincipalSID": "S-1-5-21-2127163471-3824721834-2568365109-519", "PrincipalType": "Group"}, {"RightName": "GenericWrite", "IsInherited": true, "PrincipalSID": "MIRAGE.HTB-S-1-5-32-544", "PrincipalType": "Group"}, {"RightName": "WriteOwner", "IsInherited": true, "PrincipalSID": "MIRAGE.HTB-S-1-5-32-544", "PrincipalType": "Group"}, {"RightName": "WriteDacl", "IsInherited": true, "PrincipalSID": "MIRAGE.HTB-S-1-5-32-544", "PrincipalType": "Group"}], "IsDeleted": false, "IsACLProtected": false},{"ObjectIdentifier": "S-1-5-21-2127163471-3824721834-2568365109-1102", "Properties": {"domain": "MIRAGE.HTB", "domainsid": "S-1-5-21-2127163471-3824721834-2568365109", "highvalue": false, "name": "DNSUPDATEPROXY@MIRAGE.HTB", "distinguishedname": "CN=DNSUPDATEPROXY,CN=USERS,DC=MIRAGE,DC=HTB", "admincount": false, "description": "DNS clients who are permitted to perform dynamic updates on behalf of some other clients (such as DHCP servers).", "samaccountname": "DnsUpdateProxy", "whencreated": 1746085383}, "Members": [], "Aces": [{"RightName": "GenericAll", "IsInherited": false, "PrincipalSID": "S-1-5-21-2127163471-3824721834-2568365109-512", "PrincipalType": "Group"}, {"RightName": "GenericAll", "IsInherited": false, "PrincipalSID": "MIRAGE.HTB-S-1-5-32-548", "PrincipalType": "Group"}, {"RightName": "GenericAll", "IsInherited": true, "PrincipalSID": "S-1-5-21-2127163471-3824721834-2568365109-519", "PrincipalType": "Group"}, {"RightName": "GenericWrite", "IsInherited": true, "PrincipalSID": "MIRAGE.HTB-S-1-5-32-544", "PrincipalType": "Group"}, {"RightName": "WriteOwner", "IsInherited": true, "PrincipalSID": "MIRAGE.HTB-S-1-5-32-544", "PrincipalType": "Group"}, {"RightName": "WriteDacl", "IsInherited": true, "PrincipalSID": "MIRAGE.HTB-S-1-5-32-544", "PrincipalType": "Group"}], "IsDeleted": false, "IsACLProtected": false},{"ObjectIdentifier": "S-1-5-21-2127163471-3824721834-2568365109-1101", "Properties": {"domain": "MIRAGE.HTB", "domainsid": "S-1-5-21-2127163471-3824721834-2568365109", "highvalue": false, "name": "DNSADMINS@MIRAGE.HTB", "distinguishedname": "CN=DNSADMINS,CN=USERS,DC=MIRAGE,DC=HTB", "admincount": false, "description": "DNS Administrators Group", "samaccountname": "DnsAdmins", "whencreated": 1746085383}, "Members": [], "Aces": [{"RightName": "GenericAll", "IsInherited": false, "PrincipalSID": "S-1-5-21-2127163471-3824721834-2568365109-512", "PrincipalType": "Group"}, {"RightName": "GenericAll", "IsInherited": false, "PrincipalSID": "MIRAGE.HTB-S-1-5-32-548", "PrincipalType": "Group"}, {"RightName": "GenericAll", "IsInherited": true, "PrincipalSID": "S-1-5-21-2127163471-3824721834-2568365109-519", "PrincipalType": "Group"}, {"RightName": "GenericWrite", "IsInherited": true, "PrincipalSID": "MIRAGE.HTB-S-1-5-32-544", "PrincipalType": "Group"}, {"RightName": "WriteOwner", "IsInherited": true, "PrincipalSID": "MIRAGE.HTB-S-1-5-32-544", "PrincipalType": "Group"}, {"RightName": "WriteDacl", "IsInherited": true, "PrincipalSID": "MIRAGE.HTB-S-1-5-32-544", "PrincipalType": "Group"}], "IsDeleted": false, "IsACLProtected": false},{"ObjectIdentifier": "S-1-5-21-2127163471-3824721834-2568365109-527", "Properties": {"domain": "MIRAGE.HTB", "domainsid": "S-1-5-21-2127163471-3824721834-2568365109", "highvalue": false, "name": "ENTERPRISE KEY ADMINS@MIRAGE.HTB", "distinguishedname": "CN=ENTERPRISE KEY ADMINS,CN=USERS,DC=MIRAGE,DC=HTB", "admincount": true, "description": "Members of this group can perform administrative actions on key objects within the forest.", "samaccountname": "Enterprise Key Admins", "whencreated": 1746085343}, "Members": [], "Aces": [{"RightName": "Owns", "IsInherited": false, "PrincipalSID": "S-1-5-21-2127163471-3824721834-2568365109-512", "PrincipalType": "Group"}, {"RightName": "GenericWrite", "IsInherited": false, "PrincipalSID": "S-1-5-21-2127163471-3824721834-2568365109-512", "PrincipalType": "Group"}, {"RightName": "WriteOwner", "IsInherited": false, "PrincipalSID": "S-1-5-21-2127163471-3824721834-2568365109-512", "PrincipalType": "Group"}, {"RightName": "WriteDacl", "IsInherited": false, "PrincipalSID": "S-1-5-21-2127163471-3824721834-2568365109-512", "PrincipalType": "Group"}, {"RightName": "GenericWrite", "IsInherited": false, "PrincipalSID": "S-1-5-21-2127163471-3824721834-2568365109-519", "PrincipalType": "Group"}, {"RightName": "WriteOwner", "IsInherited": false, "PrincipalSID": "S-1-5-21-2127163471-3824721834-2568365109-519", "PrincipalType": "Group"}, {"RightName": "WriteDacl", "IsInherited": false, "PrincipalSID": "S-1-5-21-2127163471-3824721834-2568365109-519", "PrincipalType": "Group"}, {"RightName": "GenericWrite", "IsInherited": false, "PrincipalSID": "MIRAGE.HTB-S-1-5-32-544", "PrincipalType": "Group"}, {"RightName": "WriteOwner", "IsInherited": false, "PrincipalSID": "MIRAGE.HTB-S-1-5-32-544", "PrincipalType": "Group"}, {"RightName": "WriteDacl", "IsInherited": false, "PrincipalSID": "MIRAGE.HTB-S-1-5-32-544", "PrincipalType": "Group"}], "IsDeleted": false, "IsACLProtected": true},{"ObjectIdentifier": "S-1-5-21-2127163471-3824721834-2568365109-526", "Properties": {"domain": "MIRAGE.HTB", "domainsid": "S-1-5-21-2127163471-3824721834-2568365109", "highvalue": false, "name": "KEY ADMINS@MIRAGE.HTB", "distinguishedname": "CN=KEY ADMINS,CN=USERS,DC=MIRAGE,DC=HTB", "admincount": true, "description": "Members of this group can perform administrative actions on key objects within the domain.", "samaccountname": "Key Admins", "whencreated": 1746085343}, "Members": [], "Aces": [{"RightName": "Owns", "IsInherited": false, "PrincipalSID": "S-1-5-21-2127163471-3824721834-2568365109-512", "PrincipalType": "Group"}, {"RightName": "GenericWrite", "IsInherited": false, "PrincipalSID": "S-1-5-21-2127163471-3824721834-2568365109-512", "PrincipalType": "Group"}, {"RightName": "WriteOwner", "IsInherited": false, "PrincipalSID": "S-1-5-21-2127163471-3824721834-2568365109-512", "PrincipalType": "Group"}, {"RightName": "WriteDacl", "IsInherited": false, "PrincipalSID": "S-1-5-21-2127163471-3824721834-2568365109-512", "PrincipalType": "Group"}, {"RightName": "GenericWrite", "IsInherited": false, "PrincipalSID": "S-1-5-21-2127163471-3824721834-2568365109-519", "PrincipalType": "Group"}, {"RightName": "WriteOwner", "IsInherited": false, "PrincipalSID": "S-1-5-21-2127163471-3824721834-2568365109-519", "PrincipalType": "Group"}, {"RightName": "WriteDacl", "IsInherited": false, "PrincipalSID": "S-1-5-21-2127163471-3824721834-2568365109-519", "PrincipalType": "Group"}, {"RightName": "GenericWrite", "IsInherited": false, "PrincipalSID": "MIRAGE.HTB-S-1-5-32-544", "PrincipalType": "Group"}, {"RightName": "WriteOwner", "IsInherited": false, "PrincipalSID": "MIRAGE.HTB-S-1-5-32-544", "PrincipalType": "Group"}, {"RightName": "WriteDacl", "IsInherited": false, "PrincipalSID": "MIRAGE.HTB-S-1-5-32-544", "PrincipalType": "Group"}], "IsDeleted": false, "IsACLProtected": true},{"ObjectIdentifier": "S-1-5-21-2127163471-3824721834-2568365109-522", "Properties": {"domain": "MIRAGE.HTB", "domainsid": "S-1-5-21-2127163471-3824721834-2568365109", "highvalue": false, "name": "CLONEABLE DOMAIN CONTROLLERS@MIRAGE.HTB", "distinguishedname": "CN=CLONEABLE DOMAIN CONTROLLERS,CN=USERS,DC=MIRAGE,DC=HTB", "admincount": false, "description": "Members of this group that are domain controllers may be cloned.", "samaccountname": "Cloneable Domain Controllers", "whencreated": 1746085343}, "Members": [], "Aces": [{"RightName": "Owns", "IsInherited": false, "PrincipalSID": "S-1-5-21-2127163471-3824721834-2568365109-512", "PrincipalType": "Group"}, {"RightName": "GenericAll", "IsInherited": false, "PrincipalSID": "S-1-5-21-2127163471-3824721834-2568365109-512", "PrincipalType": "Group"}, {"RightName": "GenericAll", "IsInherited": false, "PrincipalSID": "MIRAGE.HTB-S-1-5-32-548", "PrincipalType": "Group"}, {"RightName": "GenericAll", "IsInherited": true, "PrincipalSID": "S-1-5-21-2127163471-3824721834-2568365109-519", "PrincipalType": "Group"}, {"RightName": "GenericWrite", "IsInherited": true, "PrincipalSID": "MIRAGE.HTB-S-1-5-32-544", "PrincipalType": "Group"}, {"RightName": "WriteOwner", "IsInherited": true, "PrincipalSID": "MIRAGE.HTB-S-1-5-32-544", "PrincipalType": "Group"}, {"RightName": "WriteDacl", "IsInherited": true, "PrincipalSID": "MIRAGE.HTB-S-1-5-32-544", "PrincipalType": "Group"}], "IsDeleted": false, "IsACLProtected": false},{"ObjectIdentifier": "S-1-5-21-2127163471-3824721834-2568365109-525", "Properties": {"domain": "MIRAGE.HTB", "domainsid": "S-1-5-21-2127163471-3824721834-2568365109", "highvalue": false, "name": "PROTECTED USERS@MIRAGE.HTB", "distinguishedname": "CN=PROTECTED USERS,CN=USERS,DC=MIRAGE,DC=HTB", "admincount": false, "description": "Members of this group are afforded additional protections against authentication security threats. See http://go.microsoft.com/fwlink/?LinkId=298939 for more information.", "samaccountname": "Protected Users", "whencreated": 1746085343}, "Members": [], "Aces": [{"RightName": "Owns", "IsInherited": false, "PrincipalSID": "S-1-5-21-2127163471-3824721834-2568365109-512", "PrincipalType": "Group"}, {"RightName": "GenericAll", "IsInherited": false, "PrincipalSID": "S-1-5-21-2127163471-3824721834-2568365109-512", "PrincipalType": "Group"}, {"RightName": "GenericAll", "IsInherited": false, "PrincipalSID": "MIRAGE.HTB-S-1-5-32-548", "PrincipalType": "Group"}, {"RightName": "GenericAll", "IsInherited": true, "PrincipalSID": "S-1-5-21-2127163471-3824721834-2568365109-519", "PrincipalType": "Group"}, {"RightName": "GenericWrite", "IsInherited": true, "PrincipalSID": "MIRAGE.HTB-S-1-5-32-544", "PrincipalType": "Group"}, {"RightName": "WriteOwner", "IsInherited": true, "PrincipalSID": "MIRAGE.HTB-S-1-5-32-544", "PrincipalType": "Group"}, {"RightName": "WriteDacl", "IsInherited": true, "PrincipalSID": "MIRAGE.HTB-S-1-5-32-544", "PrincipalType": "Group"}], "IsDeleted": false, "IsACLProtected": false},{"ObjectIdentifier": "S-1-5-21-2127163471-3824721834-2568365109-498", "Properties": {"domain": "MIRAGE.HTB", "domainsid": "S-1-5-21-2127163471-3824721834-2568365109", "highvalue": false, "name": "ENTERPRISE READ-ONLY DOMAIN CONTROLLERS@MIRAGE.HTB", "distinguishedname": "CN=ENTERPRISE READ-ONLY DOMAIN CONTROLLERS,CN=USERS,DC=MIRAGE,DC=HTB", "admincount": false, "description": "Members of this group are Read-Only Domain Controllers in the enterprise", "samaccountname": "Enterprise Read-only Domain Controllers", "whencreated": 1746085343}, "Members": [], "Aces": [{"RightName": "Owns", "IsInherited": false, "PrincipalSID": "S-1-5-21-2127163471-3824721834-2568365109-512", "PrincipalType": "Group"}, {"RightName": "GenericAll", "IsInherited": false, "PrincipalSID": "S-1-5-21-2127163471-3824721834-2568365109-512", "PrincipalType": "Group"}, {"RightName": "GenericAll", "IsInherited": false, "PrincipalSID": "MIRAGE.HTB-S-1-5-32-548", "PrincipalType": "Group"}, {"RightName": "GenericAll", "IsInherited": true, "PrincipalSID": "S-1-5-21-2127163471-3824721834-2568365109-519", "PrincipalType": "Group"}, {"RightName": "GenericWrite", "IsInherited": true, "PrincipalSID": "MIRAGE.HTB-S-1-5-32-544", "PrincipalType": "Group"}, {"RightName": "WriteOwner", "IsInherited": true, "PrincipalSID": "MIRAGE.HTB-S-1-5-32-544", "PrincipalType": "Group"}, {"RightName": "WriteDacl", "IsInherited": true, "PrincipalSID": "MIRAGE.HTB-S-1-5-32-544", "PrincipalType": "Group"}], "IsDeleted": false, "IsACLProtected": false},{"ObjectIdentifier": "S-1-5-21-2127163471-3824721834-2568365109-521", "Properties": {"domain": "MIRAGE.HTB", "domainsid": "S-1-5-21-2127163471-3824721834-2568365109", "highvalue": false, "name": "READ-ONLY DOMAIN CONTROLLERS@MIRAGE.HTB", "distinguishedname": "CN=READ-ONLY DOMAIN CONTROLLERS,CN=USERS,DC=MIRAGE,DC=HTB", "admincount": true, "description": "Members of this group are Read-Only Domain Controllers in the domain", "samaccountname": "Read-only Domain Controllers", "whencreated": 1746085343}, "Members": [], "Aces": [{"RightName": "Owns", "IsInherited": false, "PrincipalSID": "S-1-5-21-2127163471-3824721834-2568365109-512", "PrincipalType": "Group"}, {"RightName": "GenericWrite", "IsInherited": false, "PrincipalSID": "S-1-5-21-2127163471-3824721834-2568365109-512", "PrincipalType": "Group"}, {"RightName": "WriteOwner", "IsInherited": false, "PrincipalSID": "S-1-5-21-2127163471-3824721834-2568365109-512", "PrincipalType": "Group"}, {"RightName": "WriteDacl", "IsInherited": false, "PrincipalSID": "S-1-5-21-2127163471-3824721834-2568365109-512", "PrincipalType": "Group"}, {"RightName": "GenericWrite", "IsInherited": false, "PrincipalSID": "S-1-5-21-2127163471-3824721834-2568365109-519", "PrincipalType": "Group"}, {"RightName": "WriteOwner", "IsInherited": false, "PrincipalSID": "S-1-5-21-2127163471-3824721834-2568365109-519", "PrincipalType": "Group"}, {"RightName": "WriteDacl", "IsInherited": false, "PrincipalSID": "S-1-5-21-2127163471-3824721834-2568365109-519", "PrincipalType": "Group"}, {"RightName": "GenericWrite", "IsInherited": false, "PrincipalSID": "MIRAGE.HTB-S-1-5-32-544", "PrincipalType": "Group"}, {"RightName": "WriteOwner", "IsInherited": false, "PrincipalSID": "MIRAGE.HTB-S-1-5-32-544", "PrincipalType": "Group"}, {"RightName": "WriteDacl", "IsInherited": false, "PrincipalSID": "MIRAGE.HTB-S-1-5-32-544", "PrincipalType": "Group"}], "IsDeleted": false, "IsACLProtected": true},{"ObjectIdentifier": "S-1-5-21-2127163471-3824721834-2568365109-572", "Properties": {"domain": "MIRAGE.HTB", "domainsid": "S-1-5-21-2127163471-3824721834-2568365109", "highvalue": false, "name": "DENIED RODC PASSWORD REPLICATION GROUP@MIRAGE.HTB", "distinguishedname": "CN=DENIED RODC PASSWORD REPLICATION GROUP,CN=USERS,DC=MIRAGE,DC=HTB", "admincount": false, "description": "Members in this group cannot have their passwords replicated to any read-only domain controllers in the domain", "samaccountname": "Denied RODC Password Replication Group", "whencreated": 1746085343}, "Members": [{"ObjectIdentifier": "S-1-5-21-2127163471-3824721834-2568365109-521", "ObjectType": "Group"}, {"ObjectIdentifier": "S-1-5-21-2127163471-3824721834-2568365109-520", "ObjectType": "Group"}, {"ObjectIdentifier": "S-1-5-21-2127163471-3824721834-2568365109-512", "ObjectType": "Group"}, {"ObjectIdentifier": "S-1-5-21-2127163471-3824721834-2568365109-517", "ObjectType": "Group"}, {"ObjectIdentifier": "S-1-5-21-2127163471-3824721834-2568365109-519", "ObjectType": "Group"}, {"ObjectIdentifier": "S-1-5-21-2127163471-3824721834-2568365109-518", "ObjectType": "Group"}, {"ObjectIdentifier": "S-1-5-21-2127163471-3824721834-2568365109-516", "ObjectType": "Group"}, {"ObjectIdentifier": "S-1-5-21-2127163471-3824721834-2568365109-502", "ObjectType": "User"}], "Aces": [{"RightName": "Owns", "IsInherited": false, "PrincipalSID": "S-1-5-21-2127163471-3824721834-2568365109-512", "PrincipalType": "Group"}, {"RightName": "GenericAll", "IsInherited": false, "PrincipalSID": "S-1-5-21-2127163471-3824721834-2568365109-512", "PrincipalType": "Group"}, {"RightName": "GenericAll", "IsInherited": false, "PrincipalSID": "MIRAGE.HTB-S-1-5-32-548", "PrincipalType": "Group"}, {"RightName": "GenericAll", "IsInherited": true, "PrincipalSID": "S-1-5-21-2127163471-3824721834-2568365109-519", "PrincipalType": "Group"}, {"RightName": "GenericWrite", "IsInherited": true, "PrincipalSID": "MIRAGE.HTB-S-1-5-32-544", "PrincipalType": "Group"}, {"RightName": "WriteOwner", "IsInherited": true, "PrincipalSID": "MIRAGE.HTB-S-1-5-32-544", "PrincipalType": "Group"}, {"RightName": "WriteDacl", "IsInherited": true, "PrincipalSID": "MIRAGE.HTB-S-1-5-32-544", "PrincipalType": "Group"}], "IsDeleted": false, "IsACLProtected": false},{"ObjectIdentifier": "MIRAGE.HTB-S-1-5-32-561", "Properties": {"domain": "MIRAGE.HTB", "domainsid": "S-1-5-21-2127163471-3824721834-2568365109", "highvalue": false, "name": "TERMINAL SERVER LICENSE SERVERS@MIRAGE.HTB", "distinguishedname": "CN=TERMINAL SERVER LICENSE SERVERS,CN=BUILTIN,DC=MIRAGE,DC=HTB", "admincount": false, "description": "Members of this group can update user accounts in Active Directory with information about license issuance, for the purpose of tracking and reporting TS Per User CAL usage", "samaccountname": "Terminal Server License Servers", "whencreated": 1746085343}, "Members": [], "Aces": [{"RightName": "Owns", "IsInherited": false, "PrincipalSID": "S-1-5-21-2127163471-3824721834-2568365109-512", "PrincipalType": "Group"}, {"RightName": "GenericAll", "IsInherited": false, "PrincipalSID": "S-1-5-21-2127163471-3824721834-2568365109-512", "PrincipalType": "Group"}, {"RightName": "GenericAll", "IsInherited": false, "PrincipalSID": "MIRAGE.HTB-S-1-5-32-548", "PrincipalType": "Group"}, {"RightName": "GenericAll", "IsInherited": true, "PrincipalSID": "S-1-5-21-2127163471-3824721834-2568365109-519", "PrincipalType": "Group"}, {"RightName": "GenericWrite", "IsInherited": true, "PrincipalSID": "MIRAGE.HTB-S-1-5-32-544", "PrincipalType": "Group"}, {"RightName": "WriteOwner", "IsInherited": true, "PrincipalSID": "MIRAGE.HTB-S-1-5-32-544", "PrincipalType": "Group"}, {"RightName": "WriteDacl", "IsInherited": true, "PrincipalSID": "MIRAGE.HTB-S-1-5-32-544", "PrincipalType": "Group"}], "IsDeleted": false, "IsACLProtected": false},{"ObjectIdentifier": "S-1-5-21-2127163471-3824721834-2568365109-571", "Properties": {"domain": "MIRAGE.HTB", "domainsid": "S-1-5-21-2127163471-3824721834-2568365109", "highvalue": false, "name": "ALLOWED RODC PASSWORD REPLICATION GROUP@MIRAGE.HTB", "distinguishedname": "CN=ALLOWED RODC PASSWORD REPLICATION GROUP,CN=USERS,DC=MIRAGE,DC=HTB", "admincount": false, "description": "Members in this group can have their passwords replicated to all read-only domain controllers in the domain", "samaccountname": "Allowed RODC Password Replication Group", "whencreated": 1746085343}, "Members": [], "Aces": [{"RightName": "Owns", "IsInherited": false, "PrincipalSID": "S-1-5-21-2127163471-3824721834-2568365109-512", "PrincipalType": "Group"}, {"RightName": "GenericAll", "IsInherited": false, "PrincipalSID": "S-1-5-21-2127163471-3824721834-2568365109-512", "PrincipalType": "Group"}, {"RightName": "GenericAll", "IsInherited": false, "PrincipalSID": "MIRAGE.HTB-S-1-5-32-548", "PrincipalType": "Group"}, {"RightName": "GenericAll", "IsInherited": true, "PrincipalSID": "S-1-5-21-2127163471-3824721834-2568365109-519", "PrincipalType": "Group"}, {"RightName": "GenericWrite", "IsInherited": true, "PrincipalSID": "MIRAGE.HTB-S-1-5-32-544", "PrincipalType": "Group"}, {"RightName": "WriteOwner", "IsInherited": true, "PrincipalSID": "MIRAGE.HTB-S-1-5-32-544", "PrincipalType": "Group"}, {"RightName": "WriteDacl", "IsInherited": true, "PrincipalSID": "MIRAGE.HTB-S-1-5-32-544", "PrincipalType": "Group"}], "IsDeleted": false, "IsACLProtected": false},{"ObjectIdentifier": "MIRAGE.HTB-S-1-5-32-560", "Properties": {"domain": "MIRAGE.HTB", "domainsid": "S-1-5-21-2127163471-3824721834-2568365109", "highvalue": false, "name": "WINDOWS AUTHORIZATION ACCESS GROUP@MIRAGE.HTB", "distinguishedname": "CN=WINDOWS AUTHORIZATION ACCESS GROUP,CN=BUILTIN,DC=MIRAGE,DC=HTB", "admincount": false, "description": "Members of this group have access to the computed tokenGroupsGlobalAndUniversal attribute on User objects", "samaccountname": "Windows Authorization Access Group", "whencreated": 1746085343}, "Members": [{"ObjectIdentifier": "MIRAGE.HTB-S-1-5-9", "ObjectType": "Group"}], "Aces": [{"RightName": "Owns", "IsInherited": false, "PrincipalSID": "S-1-5-21-2127163471-3824721834-2568365109-512", "PrincipalType": "Group"}, {"RightName": "GenericAll", "IsInherited": false, "PrincipalSID": "S-1-5-21-2127163471-3824721834-2568365109-512", "PrincipalType": "Group"}, {"RightName": "GenericAll", "IsInherited": false, "PrincipalSID": "MIRAGE.HTB-S-1-5-32-548", "PrincipalType": "Group"}, {"RightName": "GenericAll", "IsInherited": true, "PrincipalSID": "S-1-5-21-2127163471-3824721834-2568365109-519", "PrincipalType": "Group"}, {"RightName": "GenericWrite", "IsInherited": true, "PrincipalSID": "MIRAGE.HTB-S-1-5-32-544", "PrincipalType": "Group"}, {"RightName": "WriteOwner", "IsInherited": true, "PrincipalSID": "MIRAGE.HTB-S-1-5-32-544", "PrincipalType": "Group"}, {"RightName": "WriteDacl", "IsInherited": true, "PrincipalSID": "MIRAGE.HTB-S-1-5-32-544", "PrincipalType": "Group"}], "IsDeleted": false, "IsACLProtected": false},{"ObjectIdentifier": "MIRAGE.HTB-S-1-5-32-557", "Properties": {"domain": "MIRAGE.HTB", "domainsid": "S-1-5-21-2127163471-3824721834-2568365109", "highvalue": false, "name": "INCOMING FOREST TRUST BUILDERS@MIRAGE.HTB", "distinguishedname": "CN=INCOMING FOREST TRUST BUILDERS,CN=BUILTIN,DC=MIRAGE,DC=HTB", "admincount": false, "description": "Members of this group can create incoming, one-way trusts to this forest", "samaccountname": "Incoming Forest Trust Builders", "whencreated": 1746085343}, "Members": [], "Aces": [{"RightName": "Owns", "IsInherited": false, "PrincipalSID": "S-1-5-21-2127163471-3824721834-2568365109-512", "PrincipalType": "Group"}, {"RightName": "GenericAll", "IsInherited": false, "PrincipalSID": "S-1-5-21-2127163471-3824721834-2568365109-512", "PrincipalType": "Group"}, {"RightName": "GenericAll", "IsInherited": false, "PrincipalSID": "MIRAGE.HTB-S-1-5-32-548", "PrincipalType": "Group"}, {"RightName": "GenericAll", "IsInherited": true, "PrincipalSID": "S-1-5-21-2127163471-3824721834-2568365109-519", "PrincipalType": "Group"}, {"RightName": "GenericWrite", "IsInherited": true, "PrincipalSID": "MIRAGE.HTB-S-1-5-32-544", "PrincipalType": "Group"}, {"RightName": "WriteOwner", "IsInherited": true, "PrincipalSID": "MIRAGE.HTB-S-1-5-32-544", "PrincipalType": "Group"}, {"RightName": "WriteDacl", "IsInherited": true, "PrincipalSID": "MIRAGE.HTB-S-1-5-32-544", "PrincipalType": "Group"}], "IsDeleted": false, "IsACLProtected": false},{"ObjectIdentifier": "MIRAGE.HTB-S-1-5-32-554", "Properties": {"domain": "MIRAGE.HTB", "domainsid": "S-1-5-21-2127163471-3824721834-2568365109", "highvalue": false, "name": "PRE-WINDOWS 2000 COMPATIBLE ACCESS@MIRAGE.HTB", "distinguishedname": "CN=PRE-WINDOWS 2000 COMPATIBLE ACCESS,CN=BUILTIN,DC=MIRAGE,DC=HTB", "admincount": false, "description": "A backward compatibility group which allows read access on all users and groups in the domain", "samaccountname": "Pre-Windows 2000 Compatible Access", "whencreated": 1746085343}, "Members": [{"ObjectIdentifier": "S-1-5-21-2127163471-3824721834-2568365109-1000", "ObjectType": "Computer"}, {"ObjectIdentifier": "MIRAGE.HTB-S-1-5-11", "ObjectType": "Group"}], "Aces": [{"RightName": "Owns", "IsInherited": false, "PrincipalSID": "S-1-5-21-2127163471-3824721834-2568365109-512", "PrincipalType": "Group"}, {"RightName": "GenericAll", "IsInherited": false, "PrincipalSID": "S-1-5-21-2127163471-3824721834-2568365109-512", "PrincipalType": "Group"}, {"RightName": "GenericAll", "IsInherited": false, "PrincipalSID": "MIRAGE.HTB-S-1-5-32-548", "PrincipalType": "Group"}, {"RightName": "GenericAll", "IsInherited": true, "PrincipalSID": "S-1-5-21-2127163471-3824721834-2568365109-519", "PrincipalType": "Group"}, {"RightName": "GenericWrite", "IsInherited": true, "PrincipalSID": "MIRAGE.HTB-S-1-5-32-544", "PrincipalType": "Group"}, {"RightName": "WriteOwner", "IsInherited": true, "PrincipalSID": "MIRAGE.HTB-S-1-5-32-544", "PrincipalType": "Group"}, {"RightName": "WriteDacl", "IsInherited": true, "PrincipalSID": "MIRAGE.HTB-S-1-5-32-544", "PrincipalType": "Group"}], "IsDeleted": false, "IsACLProtected": false},{"ObjectIdentifier": "MIRAGE.HTB-S-1-5-32-548", "Properties": {"domain": "MIRAGE.HTB", "domainsid": "S-1-5-21-2127163471-3824721834-2568365109", "highvalue": true, "name": "ACCOUNT OPERATORS@MIRAGE.HTB", "distinguishedname": "CN=ACCOUNT OPERATORS,CN=BUILTIN,DC=MIRAGE,DC=HTB", "admincount": true, "description": "Members can administer domain user and group accounts", "samaccountname": "Account Operators", "whencreated": 1746085343}, "Members": [], "Aces": [{"RightName": "Owns", "IsInherited": false, "PrincipalSID": "S-1-5-21-2127163471-3824721834-2568365109-512", "PrincipalType": "Group"}, {"RightName": "GenericWrite", "IsInherited": false, "PrincipalSID": "S-1-5-21-2127163471-3824721834-2568365109-512", "PrincipalType": "Group"}, {"RightName": "WriteOwner", "IsInherited": false, "PrincipalSID": "S-1-5-21-2127163471-3824721834-2568365109-512", "PrincipalType": "Group"}, {"RightName": "WriteDacl", "IsInherited": false, "PrincipalSID": "S-1-5-21-2127163471-3824721834-2568365109-512", "PrincipalType": "Group"}, {"RightName": "GenericWrite", "IsInherited": false, "PrincipalSID": "S-1-5-21-2127163471-3824721834-2568365109-519", "PrincipalType": "Group"}, {"RightName": "WriteOwner", "IsInherited": false, "PrincipalSID": "S-1-5-21-2127163471-3824721834-2568365109-519", "PrincipalType": "Group"}, {"RightName": "WriteDacl", "IsInherited": false, "PrincipalSID": "S-1-5-21-2127163471-3824721834-2568365109-519", "PrincipalType": "Group"}, {"RightName": "GenericWrite", "IsInherited": false, "PrincipalSID": "MIRAGE.HTB-S-1-5-32-544", "PrincipalType": "Group"}, {"RightName": "WriteOwner", "IsInherited": false, "PrincipalSID": "MIRAGE.HTB-S-1-5-32-544", "PrincipalType": "Group"}, {"RightName": "WriteDacl", "IsInherited": false, "PrincipalSID": "MIRAGE.HTB-S-1-5-32-544", "PrincipalType": "Group"}], "IsDeleted": false, "IsACLProtected": true},{"ObjectIdentifier": "MIRAGE.HTB-S-1-5-32-549", "Properties": {"domain": "MIRAGE.HTB", "domainsid": "S-1-5-21-2127163471-3824721834-2568365109", "highvalue": true, "name": "SERVER OPERATORS@MIRAGE.HTB", "distinguishedname": "CN=SERVER OPERATORS,CN=BUILTIN,DC=MIRAGE,DC=HTB", "admincount": true, "description": "Members can administer domain servers", "samaccountname": "Server Operators", "whencreated": 1746085343}, "Members": [], "Aces": [{"RightName": "Owns", "IsInherited": false, "PrincipalSID": "S-1-5-21-2127163471-3824721834-2568365109-512", "PrincipalType": "Group"}, {"RightName": "GenericWrite", "IsInherited": false, "PrincipalSID": "S-1-5-21-2127163471-3824721834-2568365109-512", "PrincipalType": "Group"}, {"RightName": "WriteOwner", "IsInherited": false, "PrincipalSID": "S-1-5-21-2127163471-3824721834-2568365109-512", "PrincipalType": "Group"}, {"RightName": "WriteDacl", "IsInherited": false, "PrincipalSID": "S-1-5-21-2127163471-3824721834-2568365109-512", "PrincipalType": "Group"}, {"RightName": "GenericWrite", "IsInherited": false, "PrincipalSID": "S-1-5-21-2127163471-3824721834-2568365109-519", "PrincipalType": "Group"}, {"RightName": "WriteOwner", "IsInherited": false, "PrincipalSID": "S-1-5-21-2127163471-3824721834-2568365109-519", "PrincipalType": "Group"}, {"RightName": "WriteDacl", "IsInherited": false, "PrincipalSID": "S-1-5-21-2127163471-3824721834-2568365109-519", "PrincipalType": "Group"}, {"RightName": "GenericWrite", "IsInherited": false, "PrincipalSID": "MIRAGE.HTB-S-1-5-32-544", "PrincipalType": "Group"}, {"RightName": "WriteOwner", "IsInherited": false, "PrincipalSID": "MIRAGE.HTB-S-1-5-32-544", "PrincipalType": "Group"}, {"RightName": "WriteDacl", "IsInherited": false, "PrincipalSID": "MIRAGE.HTB-S-1-5-32-544", "PrincipalType": "Group"}], "IsDeleted": false, "IsACLProtected": true},{"ObjectIdentifier": "S-1-5-21-2127163471-3824721834-2568365109-553", "Properties": {"domain": "MIRAGE.HTB", "domainsid": "S-1-5-21-2127163471-3824721834-2568365109", "highvalue": false, "name": "RAS AND IAS SERVERS@MIRAGE.HTB", "distinguishedname": "CN=RAS AND IAS SERVERS,CN=USERS,DC=MIRAGE,DC=HTB", "admincount": false, "description": "Servers in this group can access remote access properties of users", "samaccountname": "RAS and IAS Servers", "whencreated": 1746085343}, "Members": [], "Aces": [{"RightName": "Owns", "IsInherited": false, "PrincipalSID": "S-1-5-21-2127163471-3824721834-2568365109-512", "PrincipalType": "Group"}, {"RightName": "GenericAll", "IsInherited": false, "PrincipalSID": "S-1-5-21-2127163471-3824721834-2568365109-512", "PrincipalType": "Group"}, {"RightName": "GenericAll", "IsInherited": false, "PrincipalSID": "MIRAGE.HTB-S-1-5-32-548", "PrincipalType": "Group"}, {"RightName": "GenericAll", "IsInherited": true, "PrincipalSID": "S-1-5-21-2127163471-3824721834-2568365109-519", "PrincipalType": "Group"}, {"RightName": "GenericWrite", "IsInherited": true, "PrincipalSID": "MIRAGE.HTB-S-1-5-32-544", "PrincipalType": "Group"}, {"RightName": "WriteOwner", "IsInherited": true, "PrincipalSID": "MIRAGE.HTB-S-1-5-32-544", "PrincipalType": "Group"}, {"RightName": "WriteDacl", "IsInherited": true, "PrincipalSID": "MIRAGE.HTB-S-1-5-32-544", "PrincipalType": "Group"}], "IsDeleted": false, "IsACLProtected": false},{"ObjectIdentifier": "S-1-5-21-2127163471-3824721834-2568365109-520", "Properties": {"domain": "MIRAGE.HTB", "domainsid": "S-1-5-21-2127163471-3824721834-2568365109", "highvalue": false, "name": "GROUP POLICY CREATOR OWNERS@MIRAGE.HTB", "distinguishedname": "CN=GROUP POLICY CREATOR OWNERS,CN=USERS,DC=MIRAGE,DC=HTB", "admincount": false, "description": "Members in this group can modify group policy for the domain", "samaccountname": "Group Policy Creator Owners", "whencreated": 1746085343}, "Members": [{"ObjectIdentifier": "S-1-5-21-2127163471-3824721834-2568365109-500", "ObjectType": "User"}], "Aces": [{"RightName": "Owns", "IsInherited": false, "PrincipalSID": "S-1-5-21-2127163471-3824721834-2568365109-512", "PrincipalType": "Group"}, {"RightName": "GenericAll", "IsInherited": false, "PrincipalSID": "S-1-5-21-2127163471-3824721834-2568365109-512", "PrincipalType": "Group"}, {"RightName": "GenericAll", "IsInherited": false, "PrincipalSID": "MIRAGE.HTB-S-1-5-32-548", "PrincipalType": "Group"}, {"RightName": "GenericAll", "IsInherited": true, "PrincipalSID": "S-1-5-21-2127163471-3824721834-2568365109-519", "PrincipalType": "Group"}, {"RightName": "GenericWrite", "IsInherited": true, "PrincipalSID": "MIRAGE.HTB-S-1-5-32-544", "PrincipalType": "Group"}, {"RightName": "WriteOwner", "IsInherited": true, "PrincipalSID": "MIRAGE.HTB-S-1-5-32-544", "PrincipalType": "Group"}, {"RightName": "WriteDacl", "IsInherited": true, "PrincipalSID": "MIRAGE.HTB-S-1-5-32-544", "PrincipalType": "Group"}], "IsDeleted": false, "IsACLProtected": false},{"ObjectIdentifier": "S-1-5-21-2127163471-3824721834-2568365109-514", "Properties": {"domain": "MIRAGE.HTB", "domainsid": "S-1-5-21-2127163471-3824721834-2568365109", "highvalue": false, "name": "DOMAIN GUESTS@MIRAGE.HTB", "distinguishedname": "CN=DOMAIN GUESTS,CN=USERS,DC=MIRAGE,DC=HTB", "admincount": false, "description": "All domain guests", "samaccountname": "Domain Guests", "whencreated": 1746085343}, "Members": [], "Aces": [{"RightName": "Owns", "IsInherited": false, "PrincipalSID": "S-1-5-21-2127163471-3824721834-2568365109-512", "PrincipalType": "Group"}, {"RightName": "GenericAll", "IsInherited": false, "PrincipalSID": "S-1-5-21-2127163471-3824721834-2568365109-512", "PrincipalType": "Group"}, {"RightName": "GenericAll", "IsInherited": false, "PrincipalSID": "MIRAGE.HTB-S-1-5-32-548", "PrincipalType": "Group"}, {"RightName": "GenericAll", "IsInherited": true, "PrincipalSID": "S-1-5-21-2127163471-3824721834-2568365109-519", "PrincipalType": "Group"}, {"RightName": "GenericWrite", "IsInherited": true, "PrincipalSID": "MIRAGE.HTB-S-1-5-32-544", "PrincipalType": "Group"}, {"RightName": "WriteOwner", "IsInherited": true, "PrincipalSID": "MIRAGE.HTB-S-1-5-32-544", "PrincipalType": "Group"}, {"RightName": "WriteDacl", "IsInherited": true, "PrincipalSID": "MIRAGE.HTB-S-1-5-32-544", "PrincipalType": "Group"}], "IsDeleted": false, "IsACLProtected": false},{"ObjectIdentifier": "S-1-5-21-2127163471-3824721834-2568365109-513", "Properties": {"domain": "MIRAGE.HTB", "domainsid": "S-1-5-21-2127163471-3824721834-2568365109", "highvalue": false, "name": "DOMAIN USERS@MIRAGE.HTB", "distinguishedname": "CN=DOMAIN USERS,CN=USERS,DC=MIRAGE,DC=HTB", "admincount": false, "description": "All domain users", "samaccountname": "Domain Users", "whencreated": 1746085343}, "Members": [], "Aces": [{"RightName": "Owns", "IsInherited": false, "PrincipalSID": "S-1-5-21-2127163471-3824721834-2568365109-512", "PrincipalType": "Group"}, {"RightName": "GenericAll", "IsInherited": false, "PrincipalSID": "S-1-5-21-2127163471-3824721834-2568365109-512", "PrincipalType": "Group"}, {"RightName": "GenericAll", "IsInherited": false, "PrincipalSID": "MIRAGE.HTB-S-1-5-32-548", "PrincipalType": "Group"}, {"RightName": "GenericAll", "IsInherited": true, "PrincipalSID": "S-1-5-21-2127163471-3824721834-2568365109-519", "PrincipalType": "Group"}, {"RightName": "GenericWrite", "IsInherited": true, "PrincipalSID": "MIRAGE.HTB-S-1-5-32-544", "PrincipalType": "Group"}, {"RightName": "WriteOwner", "IsInherited": true, "PrincipalSID": "MIRAGE.HTB-S-1-5-32-544", "PrincipalType": "Group"}, {"RightName": "WriteDacl", "IsInherited": true, "PrincipalSID": "MIRAGE.HTB-S-1-5-32-544", "PrincipalType": "Group"}], "IsDeleted": false, "IsACLProtected": false},{"ObjectIdentifier": "S-1-5-21-2127163471-3824721834-2568365109-512", "Properties": {"domain": "MIRAGE.HTB", "domainsid": "S-1-5-21-2127163471-3824721834-2568365109", "highvalue": true, "name": "DOMAIN ADMINS@MIRAGE.HTB", "distinguishedname": "CN=DOMAIN ADMINS,CN=USERS,DC=MIRAGE,DC=HTB", "admincount": true, "description": "Designated administrators of the domain", "samaccountname": "Domain Admins", "whencreated": 1746085343}, "Members": [{"ObjectIdentifier": "S-1-5-21-2127163471-3824721834-2568365109-500", "ObjectType": "User"}], "Aces": [{"RightName": "Owns", "IsInherited": false, "PrincipalSID": "S-1-5-21-2127163471-3824721834-2568365109-512", "PrincipalType": "Group"}, {"RightName": "GenericWrite", "IsInherited": false, "PrincipalSID": "S-1-5-21-2127163471-3824721834-2568365109-512", "PrincipalType": "Group"}, {"RightName": "WriteOwner", "IsInherited": false, "PrincipalSID": "S-1-5-21-2127163471-3824721834-2568365109-512", "PrincipalType": "Group"}, {"RightName": "WriteDacl", "IsInherited": false, "PrincipalSID": "S-1-5-21-2127163471-3824721834-2568365109-512", "PrincipalType": "Group"}, {"RightName": "GenericWrite", "IsInherited": false, "PrincipalSID": "S-1-5-21-2127163471-3824721834-2568365109-519", "PrincipalType": "Group"}, {"RightName": "WriteOwner", "IsInherited": false, "PrincipalSID": "S-1-5-21-2127163471-3824721834-2568365109-519", "PrincipalType": "Group"}, {"RightName": "WriteDacl", "IsInherited": false, "PrincipalSID": "S-1-5-21-2127163471-3824721834-2568365109-519", "PrincipalType": "Group"}, {"RightName": "GenericWrite", "IsInherited": false, "PrincipalSID": "MIRAGE.HTB-S-1-5-32-544", "PrincipalType": "Group"}, {"RightName": "WriteOwner", "IsInherited": false, "PrincipalSID": "MIRAGE.HTB-S-1-5-32-544", "PrincipalType": "Group"}, {"RightName": "WriteDacl", "IsInherited": false, "PrincipalSID": "MIRAGE.HTB-S-1-5-32-544", "PrincipalType": "Group"}], "IsDeleted": false, "IsACLProtected": true},{"ObjectIdentifier": "S-1-5-21-2127163471-3824721834-2568365109-517", "Properties": {"domain": "MIRAGE.HTB", "domainsid": "S-1-5-21-2127163471-3824721834-2568365109", "highvalue": false, "name": "CERT PUBLISHERS@MIRAGE.HTB", "distinguishedname": "CN=CERT PUBLISHERS,CN=USERS,DC=MIRAGE,DC=HTB", "admincount": false, "description": "Members of this group are permitted to publish certificates to the directory", "samaccountname": "Cert Publishers", "whencreated": 1746085343}, "Members": [{"ObjectIdentifier": "S-1-5-21-2127163471-3824721834-2568365109-1000", "ObjectType": "Computer"}], "Aces": [{"RightName": "Owns", "IsInherited": false, "PrincipalSID": "S-1-5-21-2127163471-3824721834-2568365109-512", "PrincipalType": "Group"}, {"RightName": "GenericAll", "IsInherited": false, "PrincipalSID": "S-1-5-21-2127163471-3824721834-2568365109-512", "PrincipalType": "Group"}, {"RightName": "GenericAll", "IsInherited": false, "PrincipalSID": "MIRAGE.HTB-S-1-5-32-548", "PrincipalType": "Group"}, {"RightName": "GenericAll", "IsInherited": true, "PrincipalSID": "S-1-5-21-2127163471-3824721834-2568365109-519", "PrincipalType": "Group"}, {"RightName": "GenericWrite", "IsInherited": true, "PrincipalSID": "MIRAGE.HTB-S-1-5-32-544", "PrincipalType": "Group"}, {"RightName": "WriteOwner", "IsInherited": true, "PrincipalSID": "MIRAGE.HTB-S-1-5-32-544", "PrincipalType": "Group"}, {"RightName": "WriteDacl", "IsInherited": true, "PrincipalSID": "MIRAGE.HTB-S-1-5-32-544", "PrincipalType": "Group"}], "IsDeleted": false, "IsACLProtected": false},{"ObjectIdentifier": "S-1-5-21-2127163471-3824721834-2568365109-519", "Properties": {"domain": "MIRAGE.HTB", "domainsid": "S-1-5-21-2127163471-3824721834-2568365109", "highvalue": true, "name": "ENTERPRISE ADMINS@MIRAGE.HTB", "distinguishedname": "CN=ENTERPRISE ADMINS,CN=USERS,DC=MIRAGE,DC=HTB", "admincount": true, "description": "Designated administrators of the enterprise", "samaccountname": "Enterprise Admins", "whencreated": 1746085343}, "Members": [{"ObjectIdentifier": "S-1-5-21-2127163471-3824721834-2568365109-500", "ObjectType": "User"}], "Aces": [{"RightName": "Owns", "IsInherited": false, "PrincipalSID": "S-1-5-21-2127163471-3824721834-2568365109-512", "PrincipalType": "Group"}, {"RightName": "GenericWrite", "IsInherited": false, "PrincipalSID": "S-1-5-21-2127163471-3824721834-2568365109-512", "PrincipalType": "Group"}, {"RightName": "WriteOwner", "IsInherited": false, "PrincipalSID": "S-1-5-21-2127163471-3824721834-2568365109-512", "PrincipalType": "Group"}, {"RightName": "WriteDacl", "IsInherited": false, "PrincipalSID": "S-1-5-21-2127163471-3824721834-2568365109-512", "PrincipalType": "Group"}, {"RightName": "GenericWrite", "IsInherited": false, "PrincipalSID": "S-1-5-21-2127163471-3824721834-2568365109-519", "PrincipalType": "Group"}, {"RightName": "WriteOwner", "IsInherited": false, "PrincipalSID": "S-1-5-21-2127163471-3824721834-2568365109-519", "PrincipalType": "Group"}, {"RightName": "WriteDacl", "IsInherited": false, "PrincipalSID": "S-1-5-21-2127163471-3824721834-2568365109-519", "PrincipalType": "Group"}, {"RightName": "GenericWrite", "IsInherited": false, "PrincipalSID": "MIRAGE.HTB-S-1-5-32-544", "PrincipalType": "Group"}, {"RightName": "WriteOwner", "IsInherited": false, "PrincipalSID": "MIRAGE.HTB-S-1-5-32-544", "PrincipalType": "Group"}, {"RightName": "WriteDacl", "IsInherited": false, "PrincipalSID": "MIRAGE.HTB-S-1-5-32-544", "PrincipalType": "Group"}], "IsDeleted": false, "IsACLProtected": true},{"ObjectIdentifier": "S-1-5-21-2127163471-3824721834-2568365109-518", "Properties": {"domain": "MIRAGE.HTB", "domainsid": "S-1-5-21-2127163471-3824721834-2568365109", "highvalue": false, "name": "SCHEMA ADMINS@MIRAGE.HTB", "distinguishedname": "CN=SCHEMA ADMINS,CN=USERS,DC=MIRAGE,DC=HTB", "admincount": true, "description": "Designated administrators of the schema", "samaccountname": "Schema Admins", "whencreated": 1746085343}, "Members": [{"ObjectIdentifier": "S-1-5-21-2127163471-3824721834-2568365109-500", "ObjectType": "User"}], "Aces": [{"RightName": "Owns", "IsInherited": false, "PrincipalSID": "S-1-5-21-2127163471-3824721834-2568365109-512", "PrincipalType": "Group"}, {"RightName": "GenericWrite", "IsInherited": false, "PrincipalSID": "S-1-5-21-2127163471-3824721834-2568365109-512", "PrincipalType": "Group"}, {"RightName": "WriteOwner", "IsInherited": false, "PrincipalSID": "S-1-5-21-2127163471-3824721834-2568365109-512", "PrincipalType": "Group"}, {"RightName": "WriteDacl", "IsInherited": false, "PrincipalSID": "S-1-5-21-2127163471-3824721834-2568365109-512", "PrincipalType": "Group"}, {"RightName": "GenericWrite", "IsInherited": false, "PrincipalSID": "S-1-5-21-2127163471-3824721834-2568365109-519", "PrincipalType": "Group"}, {"RightName": "WriteOwner", "IsInherited": false, "PrincipalSID": "S-1-5-21-2127163471-3824721834-2568365109-519", "PrincipalType": "Group"}, {"RightName": "WriteDacl", "IsInherited": false, "PrincipalSID": "S-1-5-21-2127163471-3824721834-2568365109-519", "PrincipalType": "Group"}, {"RightName": "GenericWrite", "IsInherited": false, "PrincipalSID": "MIRAGE.HTB-S-1-5-32-544", "PrincipalType": "Group"}, {"RightName": "WriteOwner", "IsInherited": false, "PrincipalSID": "MIRAGE.HTB-S-1-5-32-544", "PrincipalType": "Group"}, {"RightName": "WriteDacl", "IsInherited": false, "PrincipalSID": "MIRAGE.HTB-S-1-5-32-544", "PrincipalType": "Group"}], "IsDeleted": false, "IsACLProtected": true},{"ObjectIdentifier": "S-1-5-21-2127163471-3824721834-2568365109-516", "Properties": {"domain": "MIRAGE.HTB", "domainsid": "S-1-5-21-2127163471-3824721834-2568365109", "highvalue": true, "name": "DOMAIN CONTROLLERS@MIRAGE.HTB", "distinguishedname": "CN=DOMAIN CONTROLLERS,CN=USERS,DC=MIRAGE,DC=HTB", "admincount": true, "description": "All domain controllers in the domain", "samaccountname": "Domain Controllers", "whencreated": 1746085343}, "Members": [], "Aces": [{"RightName": "Owns", "IsInherited": false, "PrincipalSID": "S-1-5-21-2127163471-3824721834-2568365109-512", "PrincipalType": "Group"}, {"RightName": "GenericWrite", "IsInherited": false, "PrincipalSID": "S-1-5-21-2127163471-3824721834-2568365109-512", "PrincipalType": "Group"}, {"RightName": "WriteOwner", "IsInherited": false, "PrincipalSID": "S-1-5-21-2127163471-3824721834-2568365109-512", "PrincipalType": "Group"}, {"RightName": "WriteDacl", "IsInherited": false, "PrincipalSID": "S-1-5-21-2127163471-3824721834-2568365109-512", "PrincipalType": "Group"}, {"RightName": "GenericWrite", "IsInherited": false, "PrincipalSID": "S-1-5-21-2127163471-3824721834-2568365109-519", "PrincipalType": "Group"}, {"RightName": "WriteOwner", "IsInherited": false, "PrincipalSID": "S-1-5-21-2127163471-3824721834-2568365109-519", "PrincipalType": "Group"}, {"RightName": "WriteDacl", "IsInherited": false, "PrincipalSID": "S-1-5-21-2127163471-3824721834-2568365109-519", "PrincipalType": "Group"}, {"RightName": "GenericWrite", "IsInherited": false, "PrincipalSID": "MIRAGE.HTB-S-1-5-32-544", "PrincipalType": "Group"}, {"RightName": "WriteOwner", "IsInherited": false, "PrincipalSID": "MIRAGE.HTB-S-1-5-32-544", "PrincipalType": "Group"}, {"RightName": "WriteDacl", "IsInherited": false, "PrincipalSID": "MIRAGE.HTB-S-1-5-32-544", "PrincipalType": "Group"}], "IsDeleted": false, "IsACLProtected": true},{"ObjectIdentifier": "S-1-5-21-2127163471-3824721834-2568365109-515", "Properties": {"domain": "MIRAGE.HTB", "domainsid": "S-1-5-21-2127163471-3824721834-2568365109", "highvalue": false, "name": "DOMAIN COMPUTERS@MIRAGE.HTB", "distinguishedname": "CN=DOMAIN COMPUTERS,CN=USERS,DC=MIRAGE,DC=HTB", "admincount": false, "description": "All workstations and servers joined to the domain", "samaccountname": "Domain Computers", "whencreated": 1746085343}, "Members": [], "Aces": [{"RightName": "Owns", "IsInherited": false, "PrincipalSID": "S-1-5-21-2127163471-3824721834-2568365109-512", "PrincipalType": "Group"}, {"RightName": "GenericAll", "IsInherited": false, "PrincipalSID": "S-1-5-21-2127163471-3824721834-2568365109-512", "PrincipalType": "Group"}, {"RightName": "GenericAll", "IsInherited": false, "PrincipalSID": "MIRAGE.HTB-S-1-5-32-548", "PrincipalType": "Group"}, {"RightName": "GenericAll", "IsInherited": true, "PrincipalSID": "S-1-5-21-2127163471-3824721834-2568365109-519", "PrincipalType": "Group"}, {"RightName": "GenericWrite", "IsInherited": true, "PrincipalSID": "MIRAGE.HTB-S-1-5-32-544", "PrincipalType": "Group"}, {"RightName": "WriteOwner", "IsInherited": true, "PrincipalSID": "MIRAGE.HTB-S-1-5-32-544", "PrincipalType": "Group"}, {"RightName": "WriteDacl", "IsInherited": true, "PrincipalSID": "MIRAGE.HTB-S-1-5-32-544", "PrincipalType": "Group"}], "IsDeleted": false, "IsACLProtected": false},{"ObjectIdentifier": "MIRAGE.HTB-S-1-5-32-582", "Properties": {"domain": "MIRAGE.HTB", "domainsid": "S-1-5-21-2127163471-3824721834-2568365109", "highvalue": false, "name": "STORAGE REPLICA ADMINISTRATORS@MIRAGE.HTB", "distinguishedname": "CN=STORAGE REPLICA ADMINISTRATORS,CN=BUILTIN,DC=MIRAGE,DC=HTB", "admincount": false, "description": "Members of this group have complete and unrestricted access to all features of Storage Replica.", "samaccountname": "Storage Replica Administrators", "whencreated": 1746085297}, "Members": [], "Aces": [{"RightName": "Owns", "IsInherited": false, "PrincipalSID": "MIRAGE.HTB-S-1-5-32-544", "PrincipalType": "Group"}, {"RightName": "GenericAll", "IsInherited": false, "PrincipalSID": "S-1-5-21-2127163471-3824721834-2568365109-512", "PrincipalType": "Group"}, {"RightName": "GenericAll", "IsInherited": false, "PrincipalSID": "MIRAGE.HTB-S-1-5-32-548", "PrincipalType": "Group"}, {"RightName": "GenericAll", "IsInherited": true, "PrincipalSID": "S-1-5-21-2127163471-3824721834-2568365109-519", "PrincipalType": "Group"}, {"RightName": "GenericWrite", "IsInherited": true, "PrincipalSID": "MIRAGE.HTB-S-1-5-32-544", "PrincipalType": "Group"}, {"RightName": "WriteOwner", "IsInherited": true, "PrincipalSID": "MIRAGE.HTB-S-1-5-32-544", "PrincipalType": "Group"}, {"RightName": "WriteDacl", "IsInherited": true, "PrincipalSID": "MIRAGE.HTB-S-1-5-32-544", "PrincipalType": "Group"}], "IsDeleted": false, "IsACLProtected": false},{"ObjectIdentifier": "MIRAGE.HTB-S-1-5-32-580", "Properties": {"domain": "MIRAGE.HTB", "domainsid": "S-1-5-21-2127163471-3824721834-2568365109", "highvalue": false, "name": "REMOTE MANAGEMENT USERS@MIRAGE.HTB", "distinguishedname": "CN=REMOTE MANAGEMENT USERS,CN=BUILTIN,DC=MIRAGE,DC=HTB", "admincount": false, "description": "Members of this group can access WMI resources over management protocols (such as WS-Management via the Windows Remote Management service). This applies only to WMI namespaces that grant access to the user.", "samaccountname": "Remote Management Users", "whencreated": 1746085297}, "Members": [{"ObjectIdentifier": "S-1-5-21-2127163471-3824721834-2568365109-1106", "ObjectType": "Group"}], "Aces": [{"RightName": "Owns", "IsInherited": false, "PrincipalSID": "MIRAGE.HTB-S-1-5-32-544", "PrincipalType": "Group"}, {"RightName": "GenericAll", "IsInherited": false, "PrincipalSID": "S-1-5-21-2127163471-3824721834-2568365109-512", "PrincipalType": "Group"}, {"RightName": "GenericAll", "IsInherited": false, "PrincipalSID": "MIRAGE.HTB-S-1-5-32-548", "PrincipalType": "Group"}, {"RightName": "GenericAll", "IsInherited": true, "PrincipalSID": "S-1-5-21-2127163471-3824721834-2568365109-519", "PrincipalType": "Group"}, {"RightName": "GenericWrite", "IsInherited": true, "PrincipalSID": "MIRAGE.HTB-S-1-5-32-544", "PrincipalType": "Group"}, {"RightName": "WriteOwner", "IsInherited": true, "PrincipalSID": "MIRAGE.HTB-S-1-5-32-544", "PrincipalType": "Group"}, {"RightName": "WriteDacl", "IsInherited": true, "PrincipalSID": "MIRAGE.HTB-S-1-5-32-544", "PrincipalType": "Group"}], "IsDeleted": false, "IsACLProtected": false},{"ObjectIdentifier": "MIRAGE.HTB-S-1-5-32-579", "Properties": {"domain": "MIRAGE.HTB", "domainsid": "S-1-5-21-2127163471-3824721834-2568365109", "highvalue": false, "name": "ACCESS CONTROL ASSISTANCE OPERATORS@MIRAGE.HTB", "distinguishedname": "CN=ACCESS CONTROL ASSISTANCE OPERATORS,CN=BUILTIN,DC=MIRAGE,DC=HTB", "admincount": false, "description": "Members of this group can remotely query authorization attributes and permissions for resources on this computer.", "samaccountname": "Access Control Assistance Operators", "whencreated": 1746085297}, "Members": [], "Aces": [{"RightName": "Owns", "IsInherited": false, "PrincipalSID": "MIRAGE.HTB-S-1-5-32-544", "PrincipalType": "Group"}, {"RightName": "GenericAll", "IsInherited": false, "PrincipalSID": "S-1-5-21-2127163471-3824721834-2568365109-512", "PrincipalType": "Group"}, {"RightName": "GenericAll", "IsInherited": false, "PrincipalSID": "MIRAGE.HTB-S-1-5-32-548", "PrincipalType": "Group"}, {"RightName": "GenericAll", "IsInherited": true, "PrincipalSID": "S-1-5-21-2127163471-3824721834-2568365109-519", "PrincipalType": "Group"}, {"RightName": "GenericWrite", "IsInherited": true, "PrincipalSID": "MIRAGE.HTB-S-1-5-32-544", "PrincipalType": "Group"}, {"RightName": "WriteOwner", "IsInherited": true, "PrincipalSID": "MIRAGE.HTB-S-1-5-32-544", "PrincipalType": "Group"}, {"RightName": "WriteDacl", "IsInherited": true, "PrincipalSID": "MIRAGE.HTB-S-1-5-32-544", "PrincipalType": "Group"}], "IsDeleted": false, "IsACLProtected": false},{"ObjectIdentifier": "MIRAGE.HTB-S-1-5-32-577", "Properties": {"domain": "MIRAGE.HTB", "domainsid": "S-1-5-21-2127163471-3824721834-2568365109", "highvalue": false, "name": "RDS MANAGEMENT SERVERS@MIRAGE.HTB", "distinguishedname": "CN=RDS MANAGEMENT SERVERS,CN=BUILTIN,DC=MIRAGE,DC=HTB", "admincount": false, "description": "Servers in this group can perform routine administrative actions on servers running Remote Desktop Services. This group needs to be populated on all servers in a Remote Desktop Services deployment. The servers running the RDS Central Management service must be included in this group.", "samaccountname": "RDS Management Servers", "whencreated": 1746085297}, "Members": [], "Aces": [{"RightName": "Owns", "IsInherited": false, "PrincipalSID": "MIRAGE.HTB-S-1-5-32-544", "PrincipalType": "Group"}, {"RightName": "GenericAll", "IsInherited": false, "PrincipalSID": "S-1-5-21-2127163471-3824721834-2568365109-512", "PrincipalType": "Group"}, {"RightName": "GenericAll", "IsInherited": false, "PrincipalSID": "MIRAGE.HTB-S-1-5-32-548", "PrincipalType": "Group"}, {"RightName": "GenericAll", "IsInherited": true, "PrincipalSID": "S-1-5-21-2127163471-3824721834-2568365109-519", "PrincipalType": "Group"}, {"RightName": "GenericWrite", "IsInherited": true, "PrincipalSID": "MIRAGE.HTB-S-1-5-32-544", "PrincipalType": "Group"}, {"RightName": "WriteOwner", "IsInherited": true, "PrincipalSID": "MIRAGE.HTB-S-1-5-32-544", "PrincipalType": "Group"}, {"RightName": "WriteDacl", "IsInherited": true, "PrincipalSID": "MIRAGE.HTB-S-1-5-32-544", "PrincipalType": "Group"}], "IsDeleted": false, "IsACLProtected": false},{"ObjectIdentifier": "MIRAGE.HTB-S-1-5-32-578", "Properties": {"domain": "MIRAGE.HTB", "domainsid": "S-1-5-21-2127163471-3824721834-2568365109", "highvalue": false, "name": "HYPER-V ADMINISTRATORS@MIRAGE.HTB", "distinguishedname": "CN=HYPER-V ADMINISTRATORS,CN=BUILTIN,DC=MIRAGE,DC=HTB", "admincount": false, "description": "Members of this group have complete and unrestricted access to all features of Hyper-V.", "samaccountname": "Hyper-V Administrators", "whencreated": 1746085297}, "Members": [], "Aces": [{"RightName": "Owns", "IsInherited": false, "PrincipalSID": "MIRAGE.HTB-S-1-5-32-544", "PrincipalType": "Group"}, {"RightName": "GenericAll", "IsInherited": false, "PrincipalSID": "S-1-5-21-2127163471-3824721834-2568365109-512", "PrincipalType": "Group"}, {"RightName": "GenericAll", "IsInherited": false, "PrincipalSID": "MIRAGE.HTB-S-1-5-32-548", "PrincipalType": "Group"}, {"RightName": "GenericAll", "IsInherited": true, "PrincipalSID": "S-1-5-21-2127163471-3824721834-2568365109-519", "PrincipalType": "Group"}, {"RightName": "GenericWrite", "IsInherited": true, "PrincipalSID": "MIRAGE.HTB-S-1-5-32-544", "PrincipalType": "Group"}, {"RightName": "WriteOwner", "IsInherited": true, "PrincipalSID": "MIRAGE.HTB-S-1-5-32-544", "PrincipalType": "Group"}, {"RightName": "WriteDacl", "IsInherited": true, "PrincipalSID": "MIRAGE.HTB-S-1-5-32-544", "PrincipalType": "Group"}], "IsDeleted": false, "IsACLProtected": false},{"ObjectIdentifier": "MIRAGE.HTB-S-1-5-32-576", "Properties": {"domain": "MIRAGE.HTB", "domainsid": "S-1-5-21-2127163471-3824721834-2568365109", "highvalue": false, "name": "RDS ENDPOINT SERVERS@MIRAGE.HTB", "distinguishedname": "CN=RDS ENDPOINT SERVERS,CN=BUILTIN,DC=MIRAGE,DC=HTB", "admincount": false, "description": "Servers in this group run virtual machines and host sessions where users RemoteApp programs and personal virtual desktops run. This group needs to be populated on servers running RD Connection Broker. RD Session Host servers and RD Virtualization Host servers used in the deployment need to be in this group.", "samaccountname": "RDS Endpoint Servers", "whencreated": 1746085297}, "Members": [], "Aces": [{"RightName": "Owns", "IsInherited": false, "PrincipalSID": "MIRAGE.HTB-S-1-5-32-544", "PrincipalType": "Group"}, {"RightName": "GenericAll", "IsInherited": false, "PrincipalSID": "S-1-5-21-2127163471-3824721834-2568365109-512", "PrincipalType": "Group"}, {"RightName": "GenericAll", "IsInherited": false, "PrincipalSID": "MIRAGE.HTB-S-1-5-32-548", "PrincipalType": "Group"}, {"RightName": "GenericAll", "IsInherited": true, "PrincipalSID": "S-1-5-21-2127163471-3824721834-2568365109-519", "PrincipalType": "Group"}, {"RightName": "GenericWrite", "IsInherited": true, "PrincipalSID": "MIRAGE.HTB-S-1-5-32-544", "PrincipalType": "Group"}, {"RightName": "WriteOwner", "IsInherited": true, "PrincipalSID": "MIRAGE.HTB-S-1-5-32-544", "PrincipalType": "Group"}, {"RightName": "WriteDacl", "IsInherited": true, "PrincipalSID": "MIRAGE.HTB-S-1-5-32-544", "PrincipalType": "Group"}], "IsDeleted": false, "IsACLProtected": false},{"ObjectIdentifier": "MIRAGE.HTB-S-1-5-32-575", "Properties": {"domain": "MIRAGE.HTB", "domainsid": "S-1-5-21-2127163471-3824721834-2568365109", "highvalue": false, "name": "RDS REMOTE ACCESS SERVERS@MIRAGE.HTB", "distinguishedname": "CN=RDS REMOTE ACCESS SERVERS,CN=BUILTIN,DC=MIRAGE,DC=HTB", "admincount": false, "description": "Servers in this group enable users of RemoteApp programs and personal virtual desktops access to these resources. In Internet-facing deployments, these servers are typically deployed in an edge network. This group needs to be populated on servers running RD Connection Broker. RD Gateway servers and RD Web Access servers used in the deployment need to be in this group.", "samaccountname": "RDS Remote Access Servers", "whencreated": 1746085297}, "Members": [], "Aces": [{"RightName": "Owns", "IsInherited": false, "PrincipalSID": "MIRAGE.HTB-S-1-5-32-544", "PrincipalType": "Group"}, {"RightName": "GenericAll", "IsInherited": false, "PrincipalSID": "S-1-5-21-2127163471-3824721834-2568365109-512", "PrincipalType": "Group"}, {"RightName": "GenericAll", "IsInherited": false, "PrincipalSID": "MIRAGE.HTB-S-1-5-32-548", "PrincipalType": "Group"}, {"RightName": "GenericAll", "IsInherited": true, "PrincipalSID": "S-1-5-21-2127163471-3824721834-2568365109-519", "PrincipalType": "Group"}, {"RightName": "GenericWrite", "IsInherited": true, "PrincipalSID": "MIRAGE.HTB-S-1-5-32-544", "PrincipalType": "Group"}, {"RightName": "WriteOwner", "IsInherited": true, "PrincipalSID": "MIRAGE.HTB-S-1-5-32-544", "PrincipalType": "Group"}, {"RightName": "WriteDacl", "IsInherited": true, "PrincipalSID": "MIRAGE.HTB-S-1-5-32-544", "PrincipalType": "Group"}], "IsDeleted": false, "IsACLProtected": false},{"ObjectIdentifier": "MIRAGE.HTB-S-1-5-32-574", "Properties": {"domain": "MIRAGE.HTB", "domainsid": "S-1-5-21-2127163471-3824721834-2568365109", "highvalue": false, "name": "CERTIFICATE SERVICE DCOM ACCESS@MIRAGE.HTB", "distinguishedname": "CN=CERTIFICATE SERVICE DCOM ACCESS,CN=BUILTIN,DC=MIRAGE,DC=HTB", "admincount": false, "description": "Members of this group are allowed to connect to Certification Authorities in the enterprise", "samaccountname": "Certificate Service DCOM Access", "whencreated": 1746085297}, "Members": [{"ObjectIdentifier": "MIRAGE.HTB-S-1-5-11", "ObjectType": "Group"}], "Aces": [{"RightName": "Owns", "IsInherited": false, "PrincipalSID": "MIRAGE.HTB-S-1-5-32-544", "PrincipalType": "Group"}, {"RightName": "GenericAll", "IsInherited": false, "PrincipalSID": "S-1-5-21-2127163471-3824721834-2568365109-512", "PrincipalType": "Group"}, {"RightName": "GenericAll", "IsInherited": false, "PrincipalSID": "MIRAGE.HTB-S-1-5-32-548", "PrincipalType": "Group"}, {"RightName": "GenericAll", "IsInherited": true, "PrincipalSID": "S-1-5-21-2127163471-3824721834-2568365109-519", "PrincipalType": "Group"}, {"RightName": "GenericWrite", "IsInherited": true, "PrincipalSID": "MIRAGE.HTB-S-1-5-32-544", "PrincipalType": "Group"}, {"RightName": "WriteOwner", "IsInherited": true, "PrincipalSID": "MIRAGE.HTB-S-1-5-32-544", "PrincipalType": "Group"}, {"RightName": "WriteDacl", "IsInherited": true, "PrincipalSID": "MIRAGE.HTB-S-1-5-32-544", "PrincipalType": "Group"}], "IsDeleted": false, "IsACLProtected": false},{"ObjectIdentifier": "MIRAGE.HTB-S-1-5-32-573", "Properties": {"domain": "MIRAGE.HTB", "domainsid": "S-1-5-21-2127163471-3824721834-2568365109", "highvalue": false, "name": "EVENT LOG READERS@MIRAGE.HTB", "distinguishedname": "CN=EVENT LOG READERS,CN=BUILTIN,DC=MIRAGE,DC=HTB", "admincount": false, "description": "Members of this group can read event logs from local machine", "samaccountname": "Event Log Readers", "whencreated": 1746085297}, "Members": [], "Aces": [{"RightName": "Owns", "IsInherited": false, "PrincipalSID": "MIRAGE.HTB-S-1-5-32-544", "PrincipalType": "Group"}, {"RightName": "GenericAll", "IsInherited": false, "PrincipalSID": "S-1-5-21-2127163471-3824721834-2568365109-512", "PrincipalType": "Group"}, {"RightName": "GenericAll", "IsInherited": false, "PrincipalSID": "MIRAGE.HTB-S-1-5-32-548", "PrincipalType": "Group"}, {"RightName": "GenericAll", "IsInherited": true, "PrincipalSID": "S-1-5-21-2127163471-3824721834-2568365109-519", "PrincipalType": "Group"}, {"RightName": "GenericWrite", "IsInherited": true, "PrincipalSID": "MIRAGE.HTB-S-1-5-32-544", "PrincipalType": "Group"}, {"RightName": "WriteOwner", "IsInherited": true, "PrincipalSID": "MIRAGE.HTB-S-1-5-32-544", "PrincipalType": "Group"}, {"RightName": "WriteDacl", "IsInherited": true, "PrincipalSID": "MIRAGE.HTB-S-1-5-32-544", "PrincipalType": "Group"}], "IsDeleted": false, "IsACLProtected": false},{"ObjectIdentifier": "MIRAGE.HTB-S-1-5-32-569", "Properties": {"domain": "MIRAGE.HTB", "domainsid": "S-1-5-21-2127163471-3824721834-2568365109", "highvalue": false, "name": "CRYPTOGRAPHIC OPERATORS@MIRAGE.HTB", "distinguishedname": "CN=CRYPTOGRAPHIC OPERATORS,CN=BUILTIN,DC=MIRAGE,DC=HTB", "admincount": false, "description": "Members are authorized to perform cryptographic operations.", "samaccountname": "Cryptographic Operators", "whencreated": 1746085297}, "Members": [], "Aces": [{"RightName": "Owns", "IsInherited": false, "PrincipalSID": "MIRAGE.HTB-S-1-5-32-544", "PrincipalType": "Group"}, {"RightName": "GenericAll", "IsInherited": false, "PrincipalSID": "S-1-5-21-2127163471-3824721834-2568365109-512", "PrincipalType": "Group"}, {"RightName": "GenericAll", "IsInherited": false, "PrincipalSID": "MIRAGE.HTB-S-1-5-32-548", "PrincipalType": "Group"}, {"RightName": "GenericAll", "IsInherited": true, "PrincipalSID": "S-1-5-21-2127163471-3824721834-2568365109-519", "PrincipalType": "Group"}, {"RightName": "GenericWrite", "IsInherited": true, "PrincipalSID": "MIRAGE.HTB-S-1-5-32-544", "PrincipalType": "Group"}, {"RightName": "WriteOwner", "IsInherited": true, "PrincipalSID": "MIRAGE.HTB-S-1-5-32-544", "PrincipalType": "Group"}, {"RightName": "WriteDacl", "IsInherited": true, "PrincipalSID": "MIRAGE.HTB-S-1-5-32-544", "PrincipalType": "Group"}], "IsDeleted": false, "IsACLProtected": false},{"ObjectIdentifier": "MIRAGE.HTB-S-1-5-32-568", "Properties": {"domain": "MIRAGE.HTB", "domainsid": "S-1-5-21-2127163471-3824721834-2568365109", "highvalue": false, "name": "IIS_IUSRS@MIRAGE.HTB", "distinguishedname": "CN=IIS_IUSRS,CN=BUILTIN,DC=MIRAGE,DC=HTB", "admincount": false, "description": "Built-in group used by Internet Information Services.", "samaccountname": "IIS_IUSRS", "whencreated": 1746085297}, "Members": [{"ObjectIdentifier": "MIRAGE.HTB-S-1-5-17", "ObjectType": "User"}], "Aces": [{"RightName": "Owns", "IsInherited": false, "PrincipalSID": "MIRAGE.HTB-S-1-5-32-544", "PrincipalType": "Group"}, {"RightName": "GenericAll", "IsInherited": false, "PrincipalSID": "S-1-5-21-2127163471-3824721834-2568365109-512", "PrincipalType": "Group"}, {"RightName": "GenericAll", "IsInherited": false, "PrincipalSID": "MIRAGE.HTB-S-1-5-32-548", "PrincipalType": "Group"}, {"RightName": "GenericAll", "IsInherited": true, "PrincipalSID": "S-1-5-21-2127163471-3824721834-2568365109-519", "PrincipalType": "Group"}, {"RightName": "GenericWrite", "IsInherited": true, "PrincipalSID": "MIRAGE.HTB-S-1-5-32-544", "PrincipalType": "Group"}, {"RightName": "WriteOwner", "IsInherited": true, "PrincipalSID": "MIRAGE.HTB-S-1-5-32-544", "PrincipalType": "Group"}, {"RightName": "WriteDacl", "IsInherited": true, "PrincipalSID": "MIRAGE.HTB-S-1-5-32-544", "PrincipalType": "Group"}], "IsDeleted": false, "IsACLProtected": false},{"ObjectIdentifier": "MIRAGE.HTB-S-1-5-32-562", "Properties": {"domain": "MIRAGE.HTB", "domainsid": "S-1-5-21-2127163471-3824721834-2568365109", "highvalue": false, "name": "DISTRIBUTED COM USERS@MIRAGE.HTB", "distinguishedname": "CN=DISTRIBUTED COM USERS,CN=BUILTIN,DC=MIRAGE,DC=HTB", "admincount": false, "description": "Members are allowed to launch, activate and use Distributed COM objects on this machine.", "samaccountname": "Distributed COM Users", "whencreated": 1746085297}, "Members": [], "Aces": [{"RightName": "Owns", "IsInherited": false, "PrincipalSID": "MIRAGE.HTB-S-1-5-32-544", "PrincipalType": "Group"}, {"RightName": "GenericAll", "IsInherited": false, "PrincipalSID": "S-1-5-21-2127163471-3824721834-2568365109-512", "PrincipalType": "Group"}, {"RightName": "GenericAll", "IsInherited": false, "PrincipalSID": "MIRAGE.HTB-S-1-5-32-548", "PrincipalType": "Group"}, {"RightName": "GenericAll", "IsInherited": true, "PrincipalSID": "S-1-5-21-2127163471-3824721834-2568365109-519", "PrincipalType": "Group"}, {"RightName": "GenericWrite", "IsInherited": true, "PrincipalSID": "MIRAGE.HTB-S-1-5-32-544", "PrincipalType": "Group"}, {"RightName": "WriteOwner", "IsInherited": true, "PrincipalSID": "MIRAGE.HTB-S-1-5-32-544", "PrincipalType": "Group"}, {"RightName": "WriteDacl", "IsInherited": true, "PrincipalSID": "MIRAGE.HTB-S-1-5-32-544", "PrincipalType": "Group"}], "IsDeleted": false, "IsACLProtected": false},{"ObjectIdentifier": "MIRAGE.HTB-S-1-5-32-559", "Properties": {"domain": "MIRAGE.HTB", "domainsid": "S-1-5-21-2127163471-3824721834-2568365109", "highvalue": false, "name": "PERFORMANCE LOG USERS@MIRAGE.HTB", "distinguishedname": "CN=PERFORMANCE LOG USERS,CN=BUILTIN,DC=MIRAGE,DC=HTB", "admincount": false, "description": "Members of this group may schedule logging of performance counters, enable trace providers, and collect event traces both locally and via remote access to this computer", "samaccountname": "Performance Log Users", "whencreated": 1746085297}, "Members": [], "Aces": [{"RightName": "Owns", "IsInherited": false, "PrincipalSID": "MIRAGE.HTB-S-1-5-32-544", "PrincipalType": "Group"}, {"RightName": "GenericAll", "IsInherited": false, "PrincipalSID": "S-1-5-21-2127163471-3824721834-2568365109-512", "PrincipalType": "Group"}, {"RightName": "GenericAll", "IsInherited": false, "PrincipalSID": "MIRAGE.HTB-S-1-5-32-548", "PrincipalType": "Group"}, {"RightName": "GenericAll", "IsInherited": true, "PrincipalSID": "S-1-5-21-2127163471-3824721834-2568365109-519", "PrincipalType": "Group"}, {"RightName": "GenericWrite", "IsInherited": true, "PrincipalSID": "MIRAGE.HTB-S-1-5-32-544", "PrincipalType": "Group"}, {"RightName": "WriteOwner", "IsInherited": true, "PrincipalSID": "MIRAGE.HTB-S-1-5-32-544", "PrincipalType": "Group"}, {"RightName": "WriteDacl", "IsInherited": true, "PrincipalSID": "MIRAGE.HTB-S-1-5-32-544", "PrincipalType": "Group"}], "IsDeleted": false, "IsACLProtected": false},{"ObjectIdentifier": "MIRAGE.HTB-S-1-5-32-558", "Properties": {"domain": "MIRAGE.HTB", "domainsid": "S-1-5-21-2127163471-3824721834-2568365109", "highvalue": false, "name": "PERFORMANCE MONITOR USERS@MIRAGE.HTB", "distinguishedname": "CN=PERFORMANCE MONITOR USERS,CN=BUILTIN,DC=MIRAGE,DC=HTB", "admincount": false, "description": "Members of this group can access performance counter data locally and remotely", "samaccountname": "Performance Monitor Users", "whencreated": 1746085297}, "Members": [], "Aces": [{"RightName": "Owns", "IsInherited": false, "PrincipalSID": "MIRAGE.HTB-S-1-5-32-544", "PrincipalType": "Group"}, {"RightName": "GenericAll", "IsInherited": false, "PrincipalSID": "S-1-5-21-2127163471-3824721834-2568365109-512", "PrincipalType": "Group"}, {"RightName": "GenericAll", "IsInherited": false, "PrincipalSID": "MIRAGE.HTB-S-1-5-32-548", "PrincipalType": "Group"}, {"RightName": "GenericAll", "IsInherited": true, "PrincipalSID": "S-1-5-21-2127163471-3824721834-2568365109-519", "PrincipalType": "Group"}, {"RightName": "GenericWrite", "IsInherited": true, "PrincipalSID": "MIRAGE.HTB-S-1-5-32-544", "PrincipalType": "Group"}, {"RightName": "WriteOwner", "IsInherited": true, "PrincipalSID": "MIRAGE.HTB-S-1-5-32-544", "PrincipalType": "Group"}, {"RightName": "WriteDacl", "IsInherited": true, "PrincipalSID": "MIRAGE.HTB-S-1-5-32-544", "PrincipalType": "Group"}], "IsDeleted": false, "IsACLProtected": false},{"ObjectIdentifier": "MIRAGE.HTB-S-1-5-32-556", "Properties": {"domain": "MIRAGE.HTB", "domainsid": "S-1-5-21-2127163471-3824721834-2568365109", "highvalue": false, "name": "NETWORK CONFIGURATION OPERATORS@MIRAGE.HTB", "distinguishedname": "CN=NETWORK CONFIGURATION OPERATORS,CN=BUILTIN,DC=MIRAGE,DC=HTB", "admincount": false, "description": "Members in this group can have some administrative privileges to manage configuration of networking features", "samaccountname": "Network Configuration Operators", "whencreated": 1746085297}, "Members": [], "Aces": [{"RightName": "Owns", "IsInherited": false, "PrincipalSID": "MIRAGE.HTB-S-1-5-32-544", "PrincipalType": "Group"}, {"RightName": "GenericAll", "IsInherited": false, "PrincipalSID": "S-1-5-21-2127163471-3824721834-2568365109-512", "PrincipalType": "Group"}, {"RightName": "GenericAll", "IsInherited": false, "PrincipalSID": "MIRAGE.HTB-S-1-5-32-548", "PrincipalType": "Group"}, {"RightName": "GenericAll", "IsInherited": true, "PrincipalSID": "S-1-5-21-2127163471-3824721834-2568365109-519", "PrincipalType": "Group"}, {"RightName": "GenericWrite", "IsInherited": true, "PrincipalSID": "MIRAGE.HTB-S-1-5-32-544", "PrincipalType": "Group"}, {"RightName": "WriteOwner", "IsInherited": true, "PrincipalSID": "MIRAGE.HTB-S-1-5-32-544", "PrincipalType": "Group"}, {"RightName": "WriteDacl", "IsInherited": true, "PrincipalSID": "MIRAGE.HTB-S-1-5-32-544", "PrincipalType": "Group"}], "IsDeleted": false, "IsACLProtected": false},{"ObjectIdentifier": "MIRAGE.HTB-S-1-5-32-555", "Properties": {"domain": "MIRAGE.HTB", "domainsid": "S-1-5-21-2127163471-3824721834-2568365109", "highvalue": false, "name": "REMOTE DESKTOP USERS@MIRAGE.HTB", "distinguishedname": "CN=REMOTE DESKTOP USERS,CN=BUILTIN,DC=MIRAGE,DC=HTB", "admincount": false, "description": "Members in this group are granted the right to logon remotely", "samaccountname": "Remote Desktop Users", "whencreated": 1746085297}, "Members": [], "Aces": [{"RightName": "Owns", "IsInherited": false, "PrincipalSID": "MIRAGE.HTB-S-1-5-32-544", "PrincipalType": "Group"}, {"RightName": "GenericAll", "IsInherited": false, "PrincipalSID": "S-1-5-21-2127163471-3824721834-2568365109-512", "PrincipalType": "Group"}, {"RightName": "GenericAll", "IsInherited": false, "PrincipalSID": "MIRAGE.HTB-S-1-5-32-548", "PrincipalType": "Group"}, {"RightName": "GenericAll", "IsInherited": true, "PrincipalSID": "S-1-5-21-2127163471-3824721834-2568365109-519", "PrincipalType": "Group"}, {"RightName": "GenericWrite", "IsInherited": true, "PrincipalSID": "MIRAGE.HTB-S-1-5-32-544", "PrincipalType": "Group"}, {"RightName": "WriteOwner", "IsInherited": true, "PrincipalSID": "MIRAGE.HTB-S-1-5-32-544", "PrincipalType": "Group"}, {"RightName": "WriteDacl", "IsInherited": true, "PrincipalSID": "MIRAGE.HTB-S-1-5-32-544", "PrincipalType": "Group"}], "IsDeleted": false, "IsACLProtected": false},{"ObjectIdentifier": "MIRAGE.HTB-S-1-5-32-552", "Properties": {"domain": "MIRAGE.HTB", "domainsid": "S-1-5-21-2127163471-3824721834-2568365109", "highvalue": false, "name": "REPLICATOR@MIRAGE.HTB", "distinguishedname": "CN=REPLICATOR,CN=BUILTIN,DC=MIRAGE,DC=HTB", "admincount": true, "description": "Supports file replication in a domain", "samaccountname": "Replicator", "whencreated": 1746085297}, "Members": [], "Aces": [{"RightName": "Owns", "IsInherited": false, "PrincipalSID": "S-1-5-21-2127163471-3824721834-2568365109-512", "PrincipalType": "Group"}, {"RightName": "GenericWrite", "IsInherited": false, "PrincipalSID": "S-1-5-21-2127163471-3824721834-2568365109-512", "PrincipalType": "Group"}, {"RightName": "WriteOwner", "IsInherited": false, "PrincipalSID": "S-1-5-21-2127163471-3824721834-2568365109-512", "PrincipalType": "Group"}, {"RightName": "WriteDacl", "IsInherited": false, "PrincipalSID": "S-1-5-21-2127163471-3824721834-2568365109-512", "PrincipalType": "Group"}, {"RightName": "GenericWrite", "IsInherited": false, "PrincipalSID": "S-1-5-21-2127163471-3824721834-2568365109-519", "PrincipalType": "Group"}, {"RightName": "WriteOwner", "IsInherited": false, "PrincipalSID": "S-1-5-21-2127163471-3824721834-2568365109-519", "PrincipalType": "Group"}, {"RightName": "WriteDacl", "IsInherited": false, "PrincipalSID": "S-1-5-21-2127163471-3824721834-2568365109-519", "PrincipalType": "Group"}, {"RightName": "GenericWrite", "IsInherited": false, "PrincipalSID": "MIRAGE.HTB-S-1-5-32-544", "PrincipalType": "Group"}, {"RightName": "WriteOwner", "IsInherited": false, "PrincipalSID": "MIRAGE.HTB-S-1-5-32-544", "PrincipalType": "Group"}, {"RightName": "WriteDacl", "IsInherited": false, "PrincipalSID": "MIRAGE.HTB-S-1-5-32-544", "PrincipalType": "Group"}], "IsDeleted": false, "IsACLProtected": true},{"ObjectIdentifier": "MIRAGE.HTB-S-1-5-32-551", "Properties": {"domain": "MIRAGE.HTB", "domainsid": "S-1-5-21-2127163471-3824721834-2568365109", "highvalue": true, "name": "BACKUP OPERATORS@MIRAGE.HTB", "distinguishedname": "CN=BACKUP OPERATORS,CN=BUILTIN,DC=MIRAGE,DC=HTB", "admincount": true, "description": "Backup Operators can override security restrictions for the sole purpose of backing up or restoring files", "samaccountname": "Backup Operators", "whencreated": 1746085297}, "Members": [], "Aces": [{"RightName": "Owns", "IsInherited": false, "PrincipalSID": "S-1-5-21-2127163471-3824721834-2568365109-512", "PrincipalType": "Group"}, {"RightName": "GenericWrite", "IsInherited": false, "PrincipalSID": "S-1-5-21-2127163471-3824721834-2568365109-512", "PrincipalType": "Group"}, {"RightName": "WriteOwner", "IsInherited": false, "PrincipalSID": "S-1-5-21-2127163471-3824721834-2568365109-512", "PrincipalType": "Group"}, {"RightName": "WriteDacl", "IsInherited": false, "PrincipalSID": "S-1-5-21-2127163471-3824721834-2568365109-512", "PrincipalType": "Group"}, {"RightName": "GenericWrite", "IsInherited": false, "PrincipalSID": "S-1-5-21-2127163471-3824721834-2568365109-519", "PrincipalType": "Group"}, {"RightName": "WriteOwner", "IsInherited": false, "PrincipalSID": "S-1-5-21-2127163471-3824721834-2568365109-519", "PrincipalType": "Group"}, {"RightName": "WriteDacl", "IsInherited": false, "PrincipalSID": "S-1-5-21-2127163471-3824721834-2568365109-519", "PrincipalType": "Group"}, {"RightName": "GenericWrite", "IsInherited": false, "PrincipalSID": "MIRAGE.HTB-S-1-5-32-544", "PrincipalType": "Group"}, {"RightName": "WriteOwner", "IsInherited": false, "PrincipalSID": "MIRAGE.HTB-S-1-5-32-544", "PrincipalType": "Group"}, {"RightName": "WriteDacl", "IsInherited": false, "PrincipalSID": "MIRAGE.HTB-S-1-5-32-544", "PrincipalType": "Group"}], "IsDeleted": false, "IsACLProtected": true},{"ObjectIdentifier": "MIRAGE.HTB-S-1-5-32-550", "Properties": {"domain": "MIRAGE.HTB", "domainsid": "S-1-5-21-2127163471-3824721834-2568365109", "highvalue": true, "name": "PRINT OPERATORS@MIRAGE.HTB", "distinguishedname": "CN=PRINT OPERATORS,CN=BUILTIN,DC=MIRAGE,DC=HTB", "admincount": true, "description": "Members can administer printers installed on domain controllers", "samaccountname": "Print Operators", "whencreated": 1746085297}, "Members": [], "Aces": [{"RightName": "Owns", "IsInherited": false, "PrincipalSID": "S-1-5-21-2127163471-3824721834-2568365109-512", "PrincipalType": "Group"}, {"RightName": "GenericWrite", "IsInherited": false, "PrincipalSID": "S-1-5-21-2127163471-3824721834-2568365109-512", "PrincipalType": "Group"}, {"RightName": "WriteOwner", "IsInherited": false, "PrincipalSID": "S-1-5-21-2127163471-3824721834-2568365109-512", "PrincipalType": "Group"}, {"RightName": "WriteDacl", "IsInherited": false, "PrincipalSID": "S-1-5-21-2127163471-3824721834-2568365109-512", "PrincipalType": "Group"}, {"RightName": "GenericWrite", "IsInherited": false, "PrincipalSID": "S-1-5-21-2127163471-3824721834-2568365109-519", "PrincipalType": "Group"}, {"RightName": "WriteOwner", "IsInherited": false, "PrincipalSID": "S-1-5-21-2127163471-3824721834-2568365109-519", "PrincipalType": "Group"}, {"RightName": "WriteDacl", "IsInherited": false, "PrincipalSID": "S-1-5-21-2127163471-3824721834-2568365109-519", "PrincipalType": "Group"}, {"RightName": "GenericWrite", "IsInherited": false, "PrincipalSID": "MIRAGE.HTB-S-1-5-32-544", "PrincipalType": "Group"}, {"RightName": "WriteOwner", "IsInherited": false, "PrincipalSID": "MIRAGE.HTB-S-1-5-32-544", "PrincipalType": "Group"}, {"RightName": "WriteDacl", "IsInherited": false, "PrincipalSID": "MIRAGE.HTB-S-1-5-32-544", "PrincipalType": "Group"}], "IsDeleted": false, "IsACLProtected": true},{"ObjectIdentifier": "MIRAGE.HTB-S-1-5-32-546", "Properties": {"domain": "MIRAGE.HTB", "domainsid": "S-1-5-21-2127163471-3824721834-2568365109", "highvalue": false, "name": "GUESTS@MIRAGE.HTB", "distinguishedname": "CN=GUESTS,CN=BUILTIN,DC=MIRAGE,DC=HTB", "admincount": false, "description": "Guests have the same access as members of the Users group by default, except for the Guest account which is further restricted", "samaccountname": "Guests", "whencreated": 1746085297}, "Members": [{"ObjectIdentifier": "S-1-5-21-2127163471-3824721834-2568365109-514", "ObjectType": "Group"}, {"ObjectIdentifier": "S-1-5-21-2127163471-3824721834-2568365109-501", "ObjectType": "User"}], "Aces": [{"RightName": "Owns", "IsInherited": false, "PrincipalSID": "MIRAGE.HTB-S-1-5-32-544", "PrincipalType": "Group"}, {"RightName": "GenericAll", "IsInherited": false, "PrincipalSID": "S-1-5-21-2127163471-3824721834-2568365109-512", "PrincipalType": "Group"}, {"RightName": "GenericAll", "IsInherited": false, "PrincipalSID": "MIRAGE.HTB-S-1-5-32-548", "PrincipalType": "Group"}, {"RightName": "GenericAll", "IsInherited": true, "PrincipalSID": "S-1-5-21-2127163471-3824721834-2568365109-519", "PrincipalType": "Group"}, {"RightName": "GenericWrite", "IsInherited": true, "PrincipalSID": "MIRAGE.HTB-S-1-5-32-544", "PrincipalType": "Group"}, {"RightName": "WriteOwner", "IsInherited": true, "PrincipalSID": "MIRAGE.HTB-S-1-5-32-544", "PrincipalType": "Group"}, {"RightName": "WriteDacl", "IsInherited": true, "PrincipalSID": "MIRAGE.HTB-S-1-5-32-544", "PrincipalType": "Group"}], "IsDeleted": false, "IsACLProtected": false},{"ObjectIdentifier": "MIRAGE.HTB-S-1-5-32-545", "Properties": {"domain": "MIRAGE.HTB", "domainsid": "S-1-5-21-2127163471-3824721834-2568365109", "highvalue": false, "name": "USERS@MIRAGE.HTB", "distinguishedname": "CN=USERS,CN=BUILTIN,DC=MIRAGE,DC=HTB", "admincount": false, "description": "Users are prevented from making accidental or intentional system-wide changes and can run most applications", "samaccountname": "Users", "whencreated": 1746085297}, "Members": [{"ObjectIdentifier": "S-1-5-21-2127163471-3824721834-2568365109-513", "ObjectType": "Group"}, {"ObjectIdentifier": "MIRAGE.HTB-S-1-5-11", "ObjectType": "Group"}, {"ObjectIdentifier": "MIRAGE.HTB-S-1-5-4", "ObjectType": "Group"}], "Aces": [{"RightName": "Owns", "IsInherited": false, "PrincipalSID": "MIRAGE.HTB-S-1-5-32-544", "PrincipalType": "Group"}, {"RightName": "GenericAll", "IsInherited": false, "PrincipalSID": "S-1-5-21-2127163471-3824721834-2568365109-512", "PrincipalType": "Group"}, {"RightName": "GenericAll", "IsInherited": false, "PrincipalSID": "MIRAGE.HTB-S-1-5-32-548", "PrincipalType": "Group"}, {"RightName": "GenericAll", "IsInherited": true, "PrincipalSID": "S-1-5-21-2127163471-3824721834-2568365109-519", "PrincipalType": "Group"}, {"RightName": "GenericWrite", "IsInherited": true, "PrincipalSID": "MIRAGE.HTB-S-1-5-32-544", "PrincipalType": "Group"}, {"RightName": "WriteOwner", "IsInherited": true, "PrincipalSID": "MIRAGE.HTB-S-1-5-32-544", "PrincipalType": "Group"}, {"RightName": "WriteDacl", "IsInherited": true, "PrincipalSID": "MIRAGE.HTB-S-1-5-32-544", "PrincipalType": "Group"}], "IsDeleted": false, "IsACLProtected": false},{"ObjectIdentifier": "MIRAGE.HTB-S-1-5-32-544", "Properties": {"domain": "MIRAGE.HTB", "domainsid": "S-1-5-21-2127163471-3824721834-2568365109", "highvalue": true, "name": "ADMINISTRATORS@MIRAGE.HTB", "distinguishedname": "CN=ADMINISTRATORS,CN=BUILTIN,DC=MIRAGE,DC=HTB", "admincount": true, "description": "Administrators have complete and unrestricted access to the computer/domain", "samaccountname": "Administrators", "whencreated": 1746085297}, "Members": [{"ObjectIdentifier": "S-1-5-21-2127163471-3824721834-2568365109-512", "ObjectType": "Group"}, {"ObjectIdentifier": "S-1-5-21-2127163471-3824721834-2568365109-519", "ObjectType": "Group"}, {"ObjectIdentifier": "S-1-5-21-2127163471-3824721834-2568365109-500", "ObjectType": "User"}], "Aces": [{"RightName": "Owns", "IsInherited": false, "PrincipalSID": "S-1-5-21-2127163471-3824721834-2568365109-512", "PrincipalType": "Group"}, {"RightName": "GenericWrite", "IsInherited": false, "PrincipalSID": "S-1-5-21-2127163471-3824721834-2568365109-512", "PrincipalType": "Group"}, {"RightName": "WriteOwner", "IsInherited": false, "PrincipalSID": "S-1-5-21-2127163471-3824721834-2568365109-512", "PrincipalType": "Group"}, {"RightName": "WriteDacl", "IsInherited": false, "PrincipalSID": "S-1-5-21-2127163471-3824721834-2568365109-512", "PrincipalType": "Group"}, {"RightName": "GenericWrite", "IsInherited": false, "PrincipalSID": "S-1-5-21-2127163471-3824721834-2568365109-519", "PrincipalType": "Group"}, {"RightName": "WriteOwner", "IsInherited": false, "PrincipalSID": "S-1-5-21-2127163471-3824721834-2568365109-519", "PrincipalType": "Group"}, {"RightName": "WriteDacl", "IsInherited": false, "PrincipalSID": "S-1-5-21-2127163471-3824721834-2568365109-519", "PrincipalType": "Group"}, {"RightName": "GenericWrite", "IsInherited": false, "PrincipalSID": "MIRAGE.HTB-S-1-5-32-544", "PrincipalType": "Group"}, {"RightName": "WriteOwner", "IsInherited": false, "PrincipalSID": "MIRAGE.HTB-S-1-5-32-544", "PrincipalType": "Group"}, {"RightName": "WriteDacl", "IsInherited": false, "PrincipalSID": "MIRAGE.HTB-S-1-5-32-544", "PrincipalType": "Group"}], "IsDeleted": false, "IsACLProtected": true},{"IsDeleted": false, "IsACLProtected": false, "ObjectIdentifier": "MIRAGE.HTB-S-1-5-9", "Properties": {"domain": "MIRAGE.HTB", "name": "ENTERPRISE DOMAIN CONTROLLERS@MIRAGE.HTB"}, "Members": [{"ObjectIdentifier": "S-1-5-21-2127163471-3824721834-2568365109-1000", "ObjectType": "Computer"}], "Aces": []},{"IsDeleted": false, "IsACLProtected": false, "ObjectIdentifier": "MIRAGE.HTB-S-1-1-0", "Properties": {"domain": "MIRAGE.HTB", "domainsid": "S-1-5-21-2127163471-3824721834-2568365109", "name": "EVERYONE@MIRAGE.HTB"}, "Members": [], "Aces": []},{"IsDeleted": false, "IsACLProtected": false, "ObjectIdentifier": "MIRAGE.HTB-S-1-5-11", "Properties": {"domain": "MIRAGE.HTB", "domainsid": "S-1-5-21-2127163471-3824721834-2568365109", "name": "AUTHENTICATED USERS@MIRAGE.HTB"}, "Members": [], "Aces": []},{"IsDeleted": false, "IsACLProtected": false, "ObjectIdentifier": "MIRAGE.HTB-S-1-5-4", "Properties": {"domain": "MIRAGE.HTB", "domainsid": "S-1-5-21-2127163471-3824721834-2568365109", "name": "INTERACTIVE@MIRAGE.HTB"}, "Members": [], "Aces": []}],"meta":{"methods":0,"type":"groups","count":57, "version":5}}